,source,symbol,bullish_intensity,bearish_intensity,bull_minus_bear,bull_scored_messages,bear_scored_messages,bull_bear_msg_ratio,total_scanned_messages,sid,asof_date,timestamp
0,stocktwits,XLF,2.018333,1.44,0.578333,6,3,2,41,19656,11/13/16,00:57.0
1,stocktwits,XLF,1.81875,0,1.81875,8,0,0,28,19656,11/12/16,00:51.1
2,stocktwits,XLF,2.148,1.871818,0.276182,15,11,1.3636,98,19656,11/11/16,00:50.8
3,stocktwits,XLF,1.9136,2.089286,-0.175686,50,14,3.5714,163,19656,11/10/16,01:05.3
4,stocktwits,XLF,1.842903,2.328571,-0.485668,31,7,4.4286,110,19656,11/9/16,00:50.9
5,stocktwits,XLF,2.171111,0.705,1.466111,9,2,4.5,36,19656,11/8/16,00:53.4
6,stocktwits,XLF,2.561,0,2.561,10,0,0,30,19656,11/7/16,01:02.0
7,stocktwits,XLF,2.256667,2.656667,-0.4,3,3,1,14,19656,11/6/16,00:49.0
8,stocktwits,XLF,0,2.405,-2.405,0,2,0,7,19656,11/5/16,00:49.0
9,stocktwits,XLF,1.528333,1.595,-0.066667,6,2,3,19,19656,11/4/16,01:35.0
10,stocktwits,XLF,1.872,2.1,-0.228,5,4,1.25,24,19656,11/3/16,01:15.1
11,stocktwits,XLF,1.265,2.256667,-0.991667,4,3,1.3333,28,19656,11/2/16,00:51.1
12,stocktwits,XLF,1.935,2.59,-0.655,6,1,6,16,19656,11/1/16,01:02.3
13,stocktwits,XLF,0,1.735,-1.735,0,2,0,20,19656,10/31/16,00:54.0
14,stocktwits,XLF,1.1,2.35,-1.25,2,1,2,11,19656,10/30/16,00:53.6
15,stocktwits,XLF,2.066667,0,2.066667,3,0,0,11,19656,10/29/16,00:48.3
16,stocktwits,XLF,1.186667,1.19,-0.003333,3,2,1.5,27,19656,10/28/16,01:22.7
17,stocktwits,XLF,1.952857,0.3,1.652857,14,1,14,39,19656,10/27/16,01:29.0
18,stocktwits,XLF,1.905,1.23,0.675,4,4,1,36,19656,10/26/16,00:47.7
19,stocktwits,XLF,2.065,2.67,-0.605,4,1,4,32,19656,10/25/16,00:53.9
20,stocktwits,XLF,1.51,2.105,-0.595,4,2,2,35,19656,10/24/16,01:07.2
21,stocktwits,XLF,2.04,0,2.04,4,0,0,17,19656,10/23/16,00:50.9
22,stocktwits,XLF,2.41,0,2.41,1,0,0,7,19656,10/22/16,00:53.0
23,stocktwits,XLF,2.348333,1.226667,1.121667,6,3,2,30,19656,10/21/16,01:11.6
24,stocktwits,XLF,2.13,0.83,1.3,5,2,2.5,29,19656,10/20/16,01:16.0
25,stocktwits,XLF,2.139,2.3,-0.161,10,3,3.3333,42,19656,10/19/16,01:25.5
26,stocktwits,XLF,2.685,1.996667,0.688333,6,3,2,36,19656,10/18/16,01:16.8
27,stocktwits,XLF,1.925556,2.1,-0.174444,9,1,9,28,19656,10/17/16,00:53.8
28,stocktwits,XLF,1.88,1.89,-0.01,2,1,2,13,19656,10/16/16,01:10.4
29,stocktwits,XLF,1.73,0,1.73,4,0,0,12,19656,10/15/16,01:05.5
30,stocktwits,XLF,1.657778,1.06,0.597778,9,4,2.25,47,19656,10/14/16,01:00.7
31,stocktwits,XLF,2.06875,1.722857,0.345893,8,7,1.1429,48,19656,10/13/16,01:16.6
32,stocktwits,XLF,2.2225,0.74,1.4825,4,1,4,37,19656,10/12/16,01:38.8
33,stocktwits,XLF,2.038333,2.08,-0.041667,6,2,3,27,19656,10/11/16,01:04.0
34,stocktwits,XLF,2.005556,1.065,0.940556,9,2,4.5,35,19656,10/10/16,01:01.4
35,stocktwits,XLF,2.023333,0,2.023333,3,0,0,13,19656,10/9/16,01:07.9
36,stocktwits,XLF,1.566667,0,1.566667,3,0,0,11,19656,10/8/16,01:20.5
37,stocktwits,XLF,1.722222,0,1.722222,9,0,0,34,19656,10/7/16,01:09.0
38,stocktwits,XLF,2.165,1.385,0.78,4,2,2,32,19656,10/6/16,00:55.9
39,stocktwits,XLF,2.222632,2.33,-0.107368,19,1,19,51,19656,10/5/16,00:48.0
40,stocktwits,XLF,0.96,1.36,-0.4,6,5,1.2,44,19656,10/4/16,01:03.0
41,stocktwits,XLF,2.27,1.23,1.04,3,2,1.5,38,19656,10/3/16,00:53.6
42,stocktwits,XLF,2.66,2.16,0.5,2,1,2,16,19656,10/2/16,01:09.1
43,stocktwits,XLF,1.215,0,1.215,2,0,0,14,19656,10/1/16,00:48.0
44,stocktwits,XLF,1.393333,2.375,-0.981667,3,4,0.75,42,19656,9/30/16,00:46.8
45,stocktwits,XLF,1.630714,1.606364,0.024351,14,11,1.2727,90,19656,9/29/16,00:49.9
46,stocktwits,XLF,1.5,1.81,-0.31,2,4,0.5,29,19656,9/28/16,00:43.3
47,stocktwits,XLF,1.752,2.086667,-0.334667,5,3,1.6667,29,19656,9/27/16,01:00.1
48,stocktwits,XLF,1.551667,1.9425,-0.390833,6,8,0.75,53,19656,9/26/16,01:12.4
49,stocktwits,XLF,1.43,0,1.43,1,0,0,9,19656,9/25/16,00:50.1
50,stocktwits,XLF,1.88,2.5,-0.62,1,1,1,9,19656,9/24/16,00:41.7
51,stocktwits,XLF,1.882,1.85,0.032,5,3,1.6667,32,19656,9/23/16,00:47.3
52,stocktwits,XLF,2.706667,1.491667,1.215,3,6,0.5,24,19656,9/22/16,00:44.2
53,stocktwits,XLF,1.722222,2.5,-0.777778,9,3,3,30,19656,9/21/16,01:16.0
54,stocktwits,XLF,1.121667,1.8,-0.678333,6,3,2,46,19656,9/20/16,01:12.3
55,stocktwits,XLF,1.44125,2.556667,-1.115417,8,6,1.3333,72,19656,9/19/16,01:04.4
56,stocktwits,XLF,0,1.23,-1.23,0,3,0,13,19656,9/18/16,01:08.8
57,stocktwits,XLF,1.27,1.81,-0.54,1,3,0.3333,16,19656,9/17/16,00:39.0
58,stocktwits,XLF,1.605,1.623333,-0.018333,6,6,1,40,19656,9/16/16,00:55.4
59,stocktwits,XLF,1.638889,2.384,-0.745111,9,5,1.8,33,19656,9/15/16,00:40.8
60,stocktwits,XLF,1.198333,2.155,-0.956667,6,2,3,27,19656,9/14/16,01:02.4
61,stocktwits,XLF,1.66,1.8,-0.14,8,2,4,34,19656,9/13/16,00:49.7
62,stocktwits,XLF,1.594,0,1.594,5,0,0,40,19656,9/12/16,01:16.3
63,stocktwits,XLF,0,1.623333,-1.623333,0,3,0,11,19656,9/11/16,01:10.7
64,stocktwits,XLF,1.545,0,1.545,2,0,0,11,19656,9/10/16,01:19.8
65,stocktwits,XLF,1.131,2.268333,-1.137333,10,6,1.6667,37,19656,9/9/16,01:18.8
66,stocktwits,XLF,2.167143,1.965,0.202143,7,4,1.75,29,19656,9/8/16,01:10.8
67,stocktwits,XLF,2.7325,1.79,0.9425,4,4,1,25,19656,9/7/16,01:11.5
68,stocktwits,XLF,2.145,0.87,1.275,6,6,1,39,19656,9/6/16,01:28.2
69,stocktwits,XLF,1.91,0,1.91,5,0,0,15,19656,9/5/16,01:10.3
70,stocktwits,XLF,0,0,0,0,0,0,12,19656,9/4/16,01:09.7
71,stocktwits,XLF,2.536667,1.44,1.096667,3,1,3,20,19656,9/3/16,01:16.5
72,stocktwits,XLF,1.915,2.064,-0.149,6,5,1.2,28,19656,9/2/16,01:21.9
73,stocktwits,XLF,1.8,1.61625,0.18375,9,8,1.125,48,19656,9/1/16,01:12.3
74,stocktwits,XLF,2.088889,2.02875,0.060139,18,8,2.25,78,19656,8/31/16,01:13.0
75,stocktwits,XLF,1.951515,2.308,-0.356485,33,5,6.6,101,19656,8/30/16,01:28.3
76,stocktwits,XLF,1.9995,2.376667,-0.377167,20,6,3.3333,83,19656,8/29/16,01:22.0
77,stocktwits,XLF,1.96,0,1.96,1,0,0,7,19656,8/28/16,01:13.6
78,stocktwits,XLF,1.4,0,1.4,1,0,0,9,19656,8/27/16,01:17.7
79,stocktwits,XLF,1.512143,0,1.512143,14,0,0,36,19656,8/26/16,01:13.1
80,stocktwits,XLF,2.054,2,0.054,5,1,5,36,19656,8/25/16,01:12.0
81,stocktwits,XLF,2.185,2.29,-0.105,2,2,1,27,19656,8/24/16,01:12.7
82,stocktwits,XLF,2.263333,2,0.263333,6,1,6,29,19656,8/23/16,01:13.5
83,stocktwits,XLF,1.9,0,1.9,1,0,0,17,19656,8/22/16,01:28.5
84,stocktwits,XLF,0,0,0,0,0,0,12,19656,8/21/16,01:17.9
85,stocktwits,XLF,1.3,0,1.3,1,0,0,7,19656,8/20/16,01:18.5
86,stocktwits,XLF,0,1.665,-1.665,0,2,0,9,19656,8/19/16,01:14.6
87,stocktwits,XLF,2.413333,2.79,-0.376667,6,1,6,17,19656,8/18/16,01:32.3
88,stocktwits,XLF,2.01,2.2,-0.19,6,2,3,20,19656,8/17/16,01:15.4
89,stocktwits,XLF,1.94,2.2,-0.26,2,1,2,20,19656,8/16/16,01:29.1
90,stocktwits,XLF,2.12,2.4,-0.28,2,1,2,12,19656,8/15/16,01:28.5
91,stocktwits,XLF,2.655,0,2.655,2,0,0,9,19656,8/14/16,01:12.9
92,stocktwits,XLF,0,0,0,0,0,0,2,19656,8/13/16,01:15.9
93,stocktwits,XLF,2.01,0,2.01,3,0,0,21,19656,8/12/16,01:28.7
94,stocktwits,XLF,2.155,2.555,-0.4,4,2,2,20,19656,8/11/16,01:27.4
95,stocktwits,XLF,2.476667,0.7,1.776667,3,1,3,20,19656,8/10/16,01:27.7
96,stocktwits,XLF,2.333333,2,0.333333,3,1,3,25,19656,8/9/16,01:27.2
97,stocktwits,XLF,2.191111,2.39,-0.198889,9,2,4.5,36,19656,8/8/16,01:26.5
98,stocktwits,XLF,2.333333,1.343333,0.99,3,3,1,25,19656,8/7/16,01:17.0
99,stocktwits,XLF,2.047143,0,2.047143,7,0,0,12,19656,8/6/16,01:21.7
100,stocktwits,XLF,2.002353,1.47,0.532353,17,4,4.25,52,19656,8/5/16,01:23.1
101,stocktwits,XLF,0.54,0,0.54,1,0,0,14,19656,8/4/16,01:23.1
102,stocktwits,XLF,1.69,1.5,0.19,5,1,5,18,19656,8/3/16,01:23.3
103,stocktwits,XLF,2.1,2.1,0,1,1,1,12,19656,8/2/16,01:23.6
104,stocktwits,XLF,2.11,1.655,0.455,6,2,3,19,19656,8/1/16,01:22.6
105,stocktwits,XLF,1.415,0,1.415,2,0,0,8,19656,7/31/16,01:18.1
106,stocktwits,XLF,1.196667,0.965,0.231667,3,2,1.5,7,19656,7/30/16,01:22.8
107,stocktwits,XLF,2.206667,2.495,-0.288333,6,2,3,22,19656,7/29/16,01:22.4
108,stocktwits,XLF,2.1175,2.773333,-0.655833,4,3,1.3333,28,19656,7/28/16,01:22.2
109,stocktwits,XLF,1.52,1.925,-0.405,2,2,1,22,19656,7/27/16,01:24.1
110,stocktwits,XLF,2.266,1.943333,0.322667,5,3,1.6667,22,19656,7/26/16,01:24.3
111,stocktwits,XLF,2.495,1.681667,0.813333,4,6,0.6667,30,19656,7/25/16,01:22.6
112,stocktwits,XLF,2.153333,0,2.153333,3,0,0,14,19656,7/24/16,01:18.0
113,stocktwits,XLF,2.195,0,2.195,2,0,0,14,19656,7/23/16,01:17.8
114,stocktwits,XLF,1.88,0.55,1.33,3,2,1.5,13,19656,7/22/16,01:28.3
115,stocktwits,XLF,2.258333,1.653333,0.605,6,3,2,25,19656,7/21/16,01:29.1
116,stocktwits,XLF,1.381,0.8525,0.5285,10,4,2.5,41,19656,7/20/16,01:27.3
117,stocktwits,XLF,1.851667,2.46,-0.608333,6,2,3,26,19656,7/19/16,01:26.6
118,stocktwits,XLF,2.292,1.89,0.402,5,1,5,27,19656,7/18/16,01:27.2
119,stocktwits,XLF,1.133333,0,1.133333,3,0,0,24,19656,7/17/16,01:03.9
120,stocktwits,XLF,1.27,1.245,0.025,2,2,1,16,19656,7/16/16,01:16.2
121,stocktwits,XLF,2.038,1.493333,0.544667,5,6,0.8333,29,19656,7/15/16,01:29.5
122,stocktwits,XLF,2.1425,1.276,0.8665,20,5,4,60,19656,7/14/16,01:28.1
123,stocktwits,XLF,2.1025,2.855,-0.7525,8,2,4,32,19656,7/13/16,01:25.8
124,stocktwits,XLF,1.809,1.976667,-0.167667,10,6,1.6667,35,19656,7/12/16,01:30.0
125,stocktwits,XLF,2.007143,2.22,-0.212857,7,1,7,32,19656,7/11/16,01:27.3
126,stocktwits,XLF,1.71,2.2,-0.49,2,1,2,20,19656,7/10/16,01:28.4
127,stocktwits,XLF,1.726667,1.8,-0.073333,3,1,3,11,19656,7/9/16,01:27.5
128,stocktwits,XLF,1.854444,2.78,-0.925556,9,1,9,36,19656,7/8/16,01:28.8
129,stocktwits,XLF,0.845,2.666667,-1.821667,2,3,0.6667,29,19656,7/7/16,01:29.6
130,stocktwits,XLF,1.325,1.63875,-0.31375,4,8,0.5,28,19656,7/6/16,01:26.5
131,stocktwits,XLF,1.42,2.588571,-1.168571,5,7,0.7143,40,19656,7/5/16,01:29.5
132,stocktwits,XLF,0,2,-2,0,1,0,17,19656,7/4/16,01:28.4
133,stocktwits,XLF,2.3,0.8,1.5,1,2,0.5,17,19656,7/3/16,01:27.8
134,stocktwits,XLF,2.56,1.92,0.64,1,2,0.5,11,19656,7/2/16,01:30.1
135,stocktwits,XLF,1.225,1.9375,-0.7125,8,4,2,36,19656,7/1/16,01:29.6
136,stocktwits,XLF,1.406471,1.515,-0.108529,17,10,1.7,49,19656,6/30/16,01:29.3
137,stocktwits,XLF,2.102,1.393333,0.708667,20,6,3.3333,101,19656,6/29/16,01:29.7
138,stocktwits,XLF,1.742857,1.5275,0.215357,7,4,1.75,43,19656,6/28/16,01:26.4
139,stocktwits,XLF,1.978182,1.974167,0.004015,11,24,0.4583,95,19656,6/27/16,01:30.6
140,stocktwits,XLF,1.9125,2.053333,-0.140833,4,3,1.3333,21,19656,6/26/16,01:25.8
141,stocktwits,XLF,1.575,3,-1.425,4,1,4,12,19656,6/25/16,01:27.7
142,stocktwits,XLF,1.512353,2.059333,-0.54698,17,15,1.1333,75,19656,6/24/16,01:23.3
143,stocktwits,XLF,1.27,2.275,-1.005,11,6,1.8333,49,19656,6/23/16,01:27.5
144,stocktwits,XLF,1.215,1.975,-0.76,2,4,0.5,25,19656,6/22/16,01:10.2
145,stocktwits,XLF,2.2,2.51,-0.31,1,2,0.5,17,19656,6/21/16,01:08.7
146,stocktwits,XLF,1.831818,1.295,0.536818,11,6,1.8333,45,19656,6/20/16,01:10.0
147,stocktwits,XLF,1.936,1.986667,-0.050667,5,3,1.6667,10,19656,6/19/16,01:06.6
148,stocktwits,XLF,1,0,1,1,0,0,7,19656,6/18/16,01:09.2
149,stocktwits,XLF,2.0625,2.22,-0.1575,4,3,1.3333,12,19656,6/17/16,01:10.5
150,stocktwits,XLF,1.482,1.963333,-0.481333,5,6,0.8333,28,19656,6/16/16,01:11.0
151,stocktwits,XLF,1.701,2.524,-0.823,10,5,2,41,19656,6/15/16,01:06.3
152,stocktwits,XLF,1.697,1.871818,-0.174818,10,11,0.9091,47,19656,6/14/16,01:09.7
153,stocktwits,XLF,2.444,4,-1.556,5,1,5,23,19656,6/13/16,01:11.8
154,stocktwits,XLF,2.692,1.91,0.782,5,1,5,13,19656,6/12/16,01:10.3
155,stocktwits,XLF,1.942,2.5,-0.558,5,1,5,12,19656,6/11/16,01:10.9
156,stocktwits,XLF,2.144,1.99625,0.14775,5,8,0.625,42,19656,6/10/16,01:10.8
157,stocktwits,XLF,1.38,1.562222,-0.182222,8,9,0.8889,41,19656,6/9/16,01:09.3
158,stocktwits,XLF,1.478,0.816667,0.661333,5,3,1.6667,32,19656,6/8/16,01:43.6
159,stocktwits,XLF,1.13,2.07,-0.94,2,3,0.6667,24,19656,6/7/16,01:32.3
160,stocktwits,XLF,1.783333,0,1.783333,9,0,0,33,19656,6/6/16,01:10.1
161,stocktwits,XLF,2.1,0.26,1.84,2,1,2,13,19656,6/5/16,01:26.5
162,stocktwits,XLF,2.203333,2.44,-0.236667,3,1,3,13,19656,6/4/16,01:10.5
163,stocktwits,XLF,1.295714,2.40375,-1.108036,14,8,1.75,55,19656,6/3/16,01:07.0
164,stocktwits,XLF,1.957,1.4,0.557,10,4,2.5,35,19656,6/2/16,01:10.1
165,stocktwits,XLF,1.421818,0.42,1.001818,11,5,2.2,42,19656,6/1/16,01:01.3
166,stocktwits,XLF,1.931429,2.15,-0.218571,7,5,1.4,38,19656,5/31/16,01:01.3
167,stocktwits,XLF,1.955,0,1.955,2,0,0,10,19656,5/30/16,00:59.5
168,stocktwits,XLF,2.13,0,2.13,5,0,0,13,19656,5/29/16,01:00.6
169,stocktwits,XLF,0,1.756667,-1.756667,0,3,0,10,19656,5/28/16,01:11.5
170,stocktwits,XLF,1.720833,0.83,0.890833,12,1,12,40,19656,5/27/16,01:06.0
171,stocktwits,XLF,1.98,1.773333,0.206667,5,6,0.8333,39,19656,5/26/16,01:01.2
172,stocktwits,XLF,2.104762,1.773333,0.331429,21,3,7,61,19656,5/25/16,01:00.8
173,stocktwits,XLF,1.7375,1.536667,0.200833,16,3,5.3333,39,19656,5/24/16,01:00.7
174,stocktwits,XLF,2.061667,1.47,0.591667,6,4,1.5,29,19656,5/23/16,01:01.8
175,stocktwits,XLF,2.378,2.78,-0.402,5,2,2.5,25,19656,5/22/16,01:01.4
176,stocktwits,XLF,1.965,0,1.965,2,0,0,14,19656,5/21/16,01:01.8
177,stocktwits,XLF,1.946667,2.25,-0.303333,3,3,1,23,19656,5/20/16,00:58.2
178,stocktwits,XLF,2.047,1.56,0.487,10,4,2.5,40,19656,5/19/16,00:59.9
179,stocktwits,XLF,1.755135,1.896,-0.140865,37,5,7.4,107,19656,5/18/16,00:57.8
180,stocktwits,XLF,2.234,1.77,0.464,5,2,2.5,35,19656,5/17/16,00:59.6
181,stocktwits,XLF,2.066667,2.683333,-0.616667,3,3,1,34,19656,5/16/16,01:16.6
182,stocktwits,XLF,1.78,2.48,-0.7,1,4,0.25,14,19656,5/15/16,01:16.1
183,stocktwits,XLF,0.64,2.4,-1.76,1,3,0.3333,21,19656,5/14/16,00:56.6
184,stocktwits,XLF,2.073333,2.1225,-0.049167,3,8,0.375,38,19656,5/13/16,00:59.0
185,stocktwits,XLF,1.53,1.0125,0.5175,4,4,1,27,19656,5/12/16,00:57.2
186,stocktwits,XLF,1.5675,1.7,-0.1325,4,1,4,29,19656,5/11/16,01:18.5
187,stocktwits,XLF,2.40875,1.33,1.07875,8,1,8,24,19656,5/10/16,00:57.5
188,stocktwits,XLF,2.375,1.33,1.045,2,1,2,16,19656,5/9/16,00:55.9
189,stocktwits,XLF,1.865,2.11,-0.245,2,1,2,20,19656,5/8/16,00:57.3
190,stocktwits,XLF,1.44,0,1.44,1,0,0,13,19656,5/7/16,00:56.1
191,stocktwits,XLF,1.876,1.878571,-0.002571,5,7,0.7143,32,19656,5/6/16,01:21.9
192,stocktwits,XLF,1.466667,1.95,-0.483333,3,4,0.75,25,19656,5/5/16,00:58.0
193,stocktwits,XLF,1.7525,2.41625,-0.66375,4,8,0.5,26,19656,5/4/16,00:57.2
194,stocktwits,XLF,1.602857,1.828462,-0.225604,7,13,0.5385,45,19656,5/3/16,00:57.8
195,stocktwits,XLF,1.5175,0,1.5175,4,0,0,17,19656,5/2/16,00:57.2
196,stocktwits,XLF,1.53,1,0.53,4,1,4,11,19656,5/1/16,00:57.0
197,stocktwits,XLF,0,0,0,0,0,0,9,19656,4/30/16,00:54.9
198,stocktwits,XLF,2.63,1.48,1.15,1,2,0.5,24,19656,4/29/16,00:57.2
199,stocktwits,XLF,1.1675,1.79,-0.6225,4,6,0.6667,27,19656,4/28/16,00:57.2
200,stocktwits,XLF,1.876,1.7775,0.0985,5,4,1.25,31,19656,4/27/16,01:16.3
201,stocktwits,XLF,1.976,1.8,0.176,5,1,5,29,19656,4/26/16,00:57.5
202,stocktwits,XLF,1.35,0,1.35,5,0,0,22,19656,4/25/16,00:56.9
203,stocktwits,XLF,2.02,1.25,0.77,4,1,4,13,19656,4/24/16,00:55.9
204,stocktwits,XLF,2.05,0.61,1.44,2,3,0.6667,13,19656,4/23/16,00:56.1
205,stocktwits,XLF,1.921111,2.3,-0.378889,9,2,4.5,39,19656,4/22/16,00:55.9
206,stocktwits,XLF,1.837,1.743333,0.093667,10,3,3.3333,41,19656,4/21/16,00:56.9
207,stocktwits,XLF,1.583333,1.656667,-0.073333,12,6,2,45,19656,4/20/16,00:56.2
208,stocktwits,XLF,1.860625,0.953333,0.907292,16,3,5.3333,58,19656,4/19/16,00:57.6
209,stocktwits,XLF,1.868333,2.04,-0.171667,6,2,3,31,19656,4/18/16,00:56.1
210,stocktwits,XLF,2.1,1.106667,0.993333,2,3,0.6667,11,19656,4/17/16,00:54.9
211,stocktwits,XLF,0.86,0,0.86,1,0,0,11,19656,4/16/16,00:55.3
212,stocktwits,XLF,1.33125,1.9,-0.56875,8,1,8,34,19656,4/15/16,00:57.0
213,stocktwits,XLF,1.96,1.353333,0.606667,15,3,5,63,19656,4/14/16,00:55.9
214,stocktwits,XLF,1.892813,1.014286,0.878527,32,7,4.5714,101,19656,4/13/16,00:57.9
215,stocktwits,XLF,1.43,1.52,-0.09,7,5,1.4,47,19656,4/12/16,00:57.1
216,stocktwits,XLF,2.289,1.596,0.693,10,5,2,65,19656,4/11/16,00:56.1
217,stocktwits,XLF,1.976,1.883333,0.092667,5,9,0.5556,51,19656,4/10/16,00:53.9
218,stocktwits,XLF,1.6,0,1.6,1,0,0,15,19656,4/9/16,00:57.0
219,stocktwits,XLF,0.81125,1.956,-1.14475,8,5,1.6,36,19656,4/8/16,00:56.7
220,stocktwits,XLF,1.671429,2.17,-0.498571,14,18,0.7778,93,19656,4/7/16,00:54.7
221,stocktwits,XLF,2.4475,1.905,0.5425,4,4,1,25,19656,4/6/16,00:53.9
222,stocktwits,XLF,2.02,2.196667,-0.176667,5,3,1.6667,34,19656,4/5/16,00:57.4
223,stocktwits,XLF,1.612,2.234,-0.622,5,5,1,36,19656,4/4/16,00:56.1
224,stocktwits,XLF,1.536667,0,1.536667,3,0,0,19,19656,4/3/16,00:56.7
225,stocktwits,XLF,1.9,0,1.9,2,0,0,16,19656,4/2/16,00:56.9
226,stocktwits,XLF,2.024286,0.94,1.084286,7,2,3.5,31,19656,4/1/16,00:56.4
227,stocktwits,XLF,0.445,2,-1.555,2,1,2,22,19656,3/31/16,00:57.5
228,stocktwits,XLF,1.958333,2.25,-0.291667,6,3,2,29,19656,3/30/16,00:58.2
229,stocktwits,XLF,0.93,1.6025,-0.6725,6,4,1.5,32,19656,3/29/16,00:57.0
230,stocktwits,XLF,2.03,2.036667,-0.006667,4,3,1.3333,21,19656,3/28/16,00:56.8
231,stocktwits,XLF,0.54,1.63,-1.09,1,2,0.5,15,19656,3/27/16,00:56.5
232,stocktwits,XLF,0,2.176667,-2.176667,0,3,0,10,19656,3/26/16,00:54.1
233,stocktwits,XLF,0,0,0,0,0,0,6,19656,3/25/16,00:56.1
234,stocktwits,XLF,1.903333,2.116667,-0.213333,3,3,1,19,19656,3/24/16,00:55.7
235,stocktwits,XLF,2.175,0.22,1.955,8,1,8,23,19656,3/23/16,00:57.5
236,stocktwits,XLF,2.656667,2.8,-0.143333,3,1,3,17,19656,3/22/16,00:57.9
237,stocktwits,XLF,1.555,1.426667,0.128333,4,3,1.3333,24,19656,3/21/16,00:57.1
238,stocktwits,XLF,1.336,2.2,-0.864,5,1,5,16,19656,3/20/16,00:57.0
239,stocktwits,XLF,2.65,0,2.65,2,0,0,12,19656,3/19/16,00:54.3
240,stocktwits,XLF,1.9425,2.126667,-0.184167,4,6,0.6667,30,19656,3/18/16,00:57.4
241,stocktwits,XLF,1.762727,1.545,0.217727,11,2,5.5,27,19656,3/17/16,01:03.6
242,stocktwits,XLF,1.776667,1.76875,0.007917,9,8,1.125,50,19656,3/16/16,00:55.7
243,stocktwits,XLF,2.206,2.39,-0.184,5,2,2.5,20,19656,3/15/16,00:59.5
244,stocktwits,XLF,2.371429,2.22,0.151429,7,1,7,29,19656,3/14/16,01:17.0
245,stocktwits,XLF,2.75,0,2.75,1,0,0,6,19656,3/13/16,00:52.4
246,stocktwits,XLF,0,1.13,-1.13,0,1,0,14,19656,3/12/16,00:54.7
247,stocktwits,XLF,2.341,1.595,0.746,10,2,5,33,19656,3/11/16,01:09.8
248,stocktwits,XLF,1.88,2.353333,-0.473333,9,3,3,31,19656,3/10/16,00:53.0
249,stocktwits,XLF,1.457143,2,-0.542857,7,1,7,25,19656,3/9/16,01:06.7
250,stocktwits,XLF,1.615,3,-1.385,4,1,4,24,19656,3/8/16,00:56.3
251,stocktwits,XLF,1.5225,2,-0.4775,4,1,4,25,19656,3/7/16,00:56.9
252,stocktwits,XLF,2.253333,0,2.253333,3,0,0,12,19656,3/6/16,00:55.4
253,stocktwits,XLF,1.465,2.68,-1.215,2,2,1,14,19656,3/5/16,00:54.0
254,stocktwits,XLF,2.15,2,0.15,5,1,5,17,19656,3/4/16,00:56.0
255,stocktwits,XLF,1.77,1.725,0.045,4,2,2,37,19656,3/3/16,00:53.9
256,stocktwits,XLF,1.866667,1.6075,0.259167,9,8,1.125,41,19656,3/2/16,01:25.7
257,stocktwits,XLF,2.15,2.483333,-0.333333,17,3,5.6667,60,19656,3/1/16,01:18.4
258,stocktwits,XLF,1.585,1.793333,-0.208333,2,3,0.6667,21,19656,2/29/16,00:56.0
259,stocktwits,XLF,2.126,2.255,-0.129,5,2,2.5,20,19656,2/28/16,00:53.9
260,stocktwits,XLF,1.703333,2.553333,-0.85,3,6,0.5,25,19656,2/27/16,00:55.0
261,stocktwits,XLF,2.064615,1.67,0.394615,13,6,2.1667,63,19656,2/26/16,00:56.9
262,stocktwits,XLF,2.436667,2.4725,-0.035833,6,4,1.5,44,19656,2/25/16,00:55.8
263,stocktwits,XLF,1.493636,1.6925,-0.198864,11,8,1.375,53,19656,2/24/16,00:54.9
264,stocktwits,XLF,1.407143,2.316429,-0.909286,7,14,0.5,62,19656,2/23/16,00:51.6
265,stocktwits,XLF,1.9,1.88,0.02,3,6,0.5,25,19656,2/22/16,00:47.3
266,stocktwits,XLF,2.05,2.49,-0.44,2,1,2,11,19656,2/21/16,00:45.5
267,stocktwits,XLF,0,0,0,0,0,0,6,19656,2/20/16,00:46.6
268,stocktwits,XLF,1.03,2.566667,-1.536667,2,3,0.6667,22,19656,2/19/16,06:19.7
269,stocktwits,XLF,1.718571,2.47,-0.751429,7,4,1.75,42,19656,2/18/16,00:48.5
270,stocktwits,XLF,1.637143,2.053333,-0.41619,7,3,2.3333,31,19656,2/17/16,00:48.7
271,stocktwits,XLF,1.75,2.616,-0.866,13,5,2.6,45,19656,2/16/16,00:47.7
272,stocktwits,XLF,1.49,2.55,-1.06,3,4,0.75,20,19656,2/15/16,00:45.6
273,stocktwits,XLF,2.63,2.5825,0.0475,4,4,1,23,19656,2/14/16,00:45.9
274,stocktwits,XLF,1.762857,1.688333,0.074524,7,6,1.1667,23,19656,2/13/16,00:43.1
275,stocktwits,XLF,1.681515,2.237143,-0.555628,33,7,4.7143,84,19656,2/12/16,00:47.8
276,stocktwits,XLF,1.943846,1.734545,0.209301,13,11,1.1818,76,19656,2/11/16,00:46.2
277,stocktwits,XLF,1.826667,2.1975,-0.370833,3,4,0.75,33,19656,2/10/16,00:44.6
278,stocktwits,XLF,1.89,2.47,-0.58,4,7,0.5714,43,19656,2/9/16,00:44.3
279,stocktwits,XLF,1.087,2.232727,-1.145727,10,11,0.9091,76,19656,2/8/16,00:47.9
280,stocktwits,XLF,0.965,1.825,-0.86,2,2,1,10,19656,2/7/16,00:46.1
281,stocktwits,XLF,1.19,1.9,-0.71,3,1,3,16,19656,2/6/16,00:44.1
282,stocktwits,XLF,1.431667,1.88375,-0.452083,6,8,0.75,29,19656,2/5/16,00:47.6
283,stocktwits,XLF,1.927778,2,-0.072222,9,1,9,38,19656,2/4/16,00:47.2
284,stocktwits,XLF,1.382727,1.987692,-0.604965,11,13,0.8462,66,19656,2/3/16,00:46.8
285,stocktwits,XLF,1.342,1.878,-0.536,10,10,1,58,19656,2/2/16,00:47.9
286,stocktwits,XLF,1.62,1.68,-0.06,2,3,0.6667,38,19656,2/1/16,00:45.8
287,stocktwits,XLF,1.476667,2.2,-0.723333,6,1,6,20,19656,1/31/16,00:44.0
288,stocktwits,XLF,1.4,0.26,1.14,2,1,2,10,19656,1/30/16,00:58.9
289,stocktwits,XLF,2.573333,2.27,0.303333,3,7,0.4286,34,19656,1/29/16,01:08.6
290,stocktwits,XLF,0.7825,2.365,-1.5825,8,2,4,25,19656,1/28/16,01:00.5
291,stocktwits,XLF,1.746667,1.9875,-0.240833,15,8,1.875,47,19656,1/27/16,01:04.3
292,stocktwits,XLF,1.935714,1.433333,0.502381,7,3,2.3333,42,19656,1/26/16,20:29.3
293,stocktwits,XLF,1.638462,2.15875,-0.520288,13,8,1.625,65,19656,1/25/16,20:29.1
294,stocktwits,XLF,2.133333,0.1,2.033333,3,1,3,21,19656,1/24/16,20:26.3
295,stocktwits,XLF,1.79,0,1.79,2,0,0,12,19656,1/23/16,20:25.6
296,stocktwits,XLF,1.632857,0.66,0.972857,7,1,7,23,19656,1/22/16,20:33.1
297,stocktwits,XLF,1.377143,2.001818,-0.624675,7,11,0.6364,47,19656,1/21/16,20:50.5
298,stocktwits,XLF,1.574,1.28375,0.29025,5,8,0.625,31,19656,1/20/16,00:49.4
299,stocktwits,XLF,2.265,1.611667,0.653333,6,6,1,37,19656,1/19/16,01:27.0
300,stocktwits,XLF,1.203333,2.5775,-1.374167,3,4,0.75,14,19656,1/18/16 0:00,00:55.6
301,stocktwits,XLF,0,0.06,-0.06,0,1,0,7,19656,1/17/16 0:00,00:47.8
302,stocktwits,XLF,0.89,0,0.89,1,0,0,12,19656,1/16/16 0:00,00:56.6
303,stocktwits,XLF,0.94,1.54,-0.6,7,4,1.75,31,19656,1/15/16 0:00,01:09.6
304,stocktwits,XLF,0.935,2.048,-1.113,6,5,1.2,34,19656,1/14/16 0:00,00:46.8
305,stocktwits,XLF,1.036667,2.54,-1.503333,3,5,0.6,17,19656,1/13/16 0:00,00:48.6
306,stocktwits,XLF,1.88,2.47,-0.59,3,2,1.5,18,19656,1/12/16 5:00,00:00.0
307,stocktwits,XLF,1.88,2.465,-0.585,3,2,1.5,18,19656,1/12/16 0:00,00:44.9
308,stocktwits,XLF,1.09,0.76,0.33,4,3,1.33,21,19656,1/11/16 5:00,00:00.0
309,stocktwits,XLF,0,1.3,-1.3,0,2,0,16,19656,1/10/16 5:00,00:00.0
310,stocktwits,XLF,0.9,0,0.9,1,0,0,4,19656,1/9/16 5:00,00:00.0
311,stocktwits,XLF,1.23,2.16,-0.93,3,5,0.6,34,19656,1/8/16 5:00,00:00.0
312,stocktwits,XLF,2.05,1.84,0.21,3,4,0.75,23,19656,1/7/16 5:00,00:00.0
313,stocktwits,XLF,1.78,2.32,-0.54,2,4,0.5,14,19656,1/6/16 5:00,00:00.0
314,stocktwits,XLF,1.57,0,1.57,5,0,0,18,19656,1/5/16 5:00,00:00.0
315,stocktwits,XLF,0.11,2.49,-2.38,1,4,0.25,17,19656,1/4/16 5:00,00:00.0
316,stocktwits,XLF,0,0,0,0,0,0,13,19656,1/3/16 5:00,00:00.0
317,stocktwits,XLF,1.02,0,1.02,2,0,0,12,19656,1/2/16 5:00,00:00.0
318,stocktwits,XLF,0,3.1,-3.1,0,1,0,2,19656,1/1/16 5:00,00:00.0
319,stocktwits,XLF,0,2.22,-2.22,0,2,0,11,19656,12/31/15 5:00,00:00.0
320,stocktwits,XLF,0,1.97,-1.97,0,2,0,13,19656,12/30/15 5:00,00:00.0
321,stocktwits,XLF,1.8,2.4,-0.6,5,2,2.5,23,19656,12/29/15 5:00,00:00.0
322,stocktwits,XLF,1.15,2.55,-1.4,2,1,2,12,19656,12/28/15 5:00,00:00.0
323,stocktwits,XLF,2.09,2.61,-0.52,4,2,2,10,19656,12/27/15 5:00,00:00.0
324,stocktwits,XLF,0,0,0,0,0,0,3,19656,12/26/15 5:00,00:00.0
325,stocktwits,XLF,1.36,0,1.36,2,0,0,3,19656,12/25/15 5:00,00:00.0
326,stocktwits,XLF,1.57,2,-0.43,3,1,3,8,19656,12/24/15 5:00,00:00.0
327,stocktwits,XLF,1.95,0,1.95,3,0,0,12,19656,12/23/15 5:00,00:00.0
328,stocktwits,XLF,2.27,1.1,1.17,4,2,2,17,19656,12/22/15 5:00,00:00.0
329,stocktwits,XLF,1.65,4,-2.35,4,2,2,21,19656,12/21/15 5:00,00:00.0
330,stocktwits,XLF,1.51,0,1.51,4,0,0,8,19656,12/20/15 5:00,00:00.0
331,stocktwits,XLF,0,0,0,0,0,0,4,19656,12/19/15 5:00,00:00.0
332,stocktwits,XLF,1.72,2.26,-0.54,6,6,1,33,19656,12/18/15 5:00,00:00.0
333,stocktwits,XLF,2.15,1.83,0.32,2,4,0.5,16,19656,12/17/15 5:00,00:00.0
334,stocktwits,XLF,2.09,1.86,0.23,15,5,3,62,19656,12/16/15 5:00,00:00.0
335,stocktwits,XLF,1.92,1.06,0.86,10,1,10,40,19656,12/15/15 5:00,00:00.0
336,stocktwits,XLF,1.11,0.77,0.34,4,2,2,19,19656,12/14/15 5:00,00:00.0
337,stocktwits,XLF,1.64,0.8,0.84,5,1,5,16,19656,12/13/15 5:00,00:00.0
338,stocktwits,XLF,2.04,2.23,-0.19,2,2,1,12,19656,12/12/15 5:00,00:00.0
339,stocktwits,XLF,2.17,2.41,-0.24,6,8,0.75,24,19656,12/11/15 5:00,00:00.0
340,stocktwits,XLF,1.68,1.79,-0.11,5,2,2.5,30,19656,12/10/15 5:00,00:00.0
341,stocktwits,XLF,2.41,1.69,0.72,5,3,1.67,28,19656,12/9/15 5:00,00:00.0
342,stocktwits,XLF,2.35,1.5,0.85,2,2,1,22,19656,12/8/15 5:00,00:00.0
343,stocktwits,XLF,0,2.33,-2.33,0,1,0,19,19656,12/7/15 5:00,00:00.0
344,stocktwits,XLF,1.91,0,1.91,3,0,0,11,19656,12/6/15 5:00,00:00.0
345,stocktwits,XLF,0,0,0,0,0,0,7,19656,12/5/15 5:00,00:00.0
346,stocktwits,XLF,2.13,2.25,-0.12,8,1,8,27,19656,12/4/15 5:00,00:00.0
347,stocktwits,XLF,2.83,2.1,0.73,2,3,0.67,23,19656,12/3/15 5:00,00:00.0
348,stocktwits,XLF,3.14,2.93,0.21,2,1,2,17,19656,12/2/15 5:00,00:00.0
349,stocktwits,XLF,2.03,2.33,-0.3,10,3,3.33,27,19656,12/1/15 5:00,00:00.0
350,stocktwits,XLF,1.83,0,1.83,4,0,0,15,19656,11/30/15 5:00,00:00.0
351,stocktwits,XLF,1.56,0,1.56,3,0,0,8,19656,11/29/15 5:00,00:00.0
352,stocktwits,XLF,0.9,0,0.9,1,0,0,4,19656,11/28/15 5:00,00:00.0
353,stocktwits,XLF,0,0,0,0,0,0,4,19656,11/27/15 5:00,00:00.0
354,stocktwits,XLF,3,2,1,1,1,1,4,19656,11/26/15 5:00,00:00.0
355,stocktwits,XLF,2.38,0.88,1.5,1,3,0.33,17,19656,11/25/15 5:00,00:00.0
356,stocktwits,XLF,2.17,2.33,-0.16,4,4,1,19,19656,11/24/15 5:00,00:00.0
357,stocktwits,XLF,2.48,0,2.48,4,0,0,10,19656,11/23/15 5:00,00:00.0
358,stocktwits,XLF,1.98,0,1.98,1,0,0,10,19656,11/22/15 5:00,00:00.0
359,stocktwits,XLF,0,0,0,0,0,0,9,19656,11/21/15 5:00,00:00.0
360,stocktwits,XLF,2.73,0,2.73,2,0,0,8,19656,11/20/15 5:00,11/21/15 5:00
361,stocktwits,XLF,1.48,0,1.48,6,0,0,17,19656,11/19/15 5:00,11/20/15 5:00
362,stocktwits,XLF,2.14,2.11,0.03,6,1,6,26,19656,11/18/15 5:00,11/19/15 5:00
363,stocktwits,XLF,2.15,2.38,-0.23,8,2,4,20,19656,11/17/15 5:00,11/18/15 5:00
364,stocktwits,XLF,1.6,0,1.6,6,0,0,21,19656,11/16/15 5:00,11/17/15 5:00
365,stocktwits,XLF,0,0,0,0,0,0,7,19656,11/15/15 5:00,11/16/15 5:00
366,stocktwits,XLF,2.54,3.22,-0.68,1,1,1,7,19656,11/14/15 5:00,11/15/15 5:00
367,stocktwits,XLF,1.84,2.41,-0.57,3,3,1,19,19656,11/13/15 5:00,11/14/15 5:00
368,stocktwits,XLF,2.19,1.73,0.46,5,4,1.25,22,19656,11/12/15 5:00,11/13/15 5:00
369,stocktwits,XLF,2.29,0,2.29,7,0,0,18,19656,11/11/15 5:00,11/12/15 5:00
370,stocktwits,XLF,1.49,2.16,-0.67,4,2,2,25,19656,11/10/15 5:00,11/11/15 5:00
371,stocktwits,XLF,2,1.78,0.22,2,6,0.33,25,19656,11/9/15 5:00,11/10/15 5:00
372,stocktwits,XLF,1.17,0,1.17,2,0,0,8,19656,11/8/15 5:00,11/9/15 5:00
373,stocktwits,XLF,2.02,0.83,1.19,8,2,4,18,19656,11/7/15 5:00,11/8/15 5:00
374,stocktwits,XLF,1.79,1.6,0.19,26,10,2.6,68,19656,11/6/15 5:00,11/7/15 5:00
375,stocktwits,XLF,2.92,1.14,1.78,1,3,0.33,14,19656,11/5/15 5:00,11/6/15 5:00
376,stocktwits,XLF,1.82,0.3,1.52,5,1,5,16,19656,11/4/15 5:00,11/5/15 5:00
377,stocktwits,XLF,2.29,0.13,2.16,4,1,4,16,19656,11/3/15 5:00,11/4/15 5:00
378,stocktwits,XLF,1.83,2.37,-0.54,4,1,4,12,19656,11/2/15 5:00,11/3/15 5:00
379,stocktwits,XLF,2.71,0,2.71,2,0,0,5,19656,11/1/15 4:00,11/2/15 4:00
380,stocktwits,XLF,0,0,0,0,0,0,1,19656,10/31/15 4:00,11/1/15 4:00
381,stocktwits,XLF,1.72,0.6,1.12,1,1,1,12,19656,10/30/15 4:00,10/31/15 4:00
382,stocktwits,XLF,1.56,2.3,-0.74,3,2,1.5,15,19656,10/29/15 4:00,10/30/15 4:00
383,stocktwits,XLF,2.09,0.8,1.29,15,7,2.14,53,19656,10/28/15 4:00,10/29/15 4:00
384,stocktwits,XLF,2.75,2.2,0.55,2,1,2,9,19656,10/27/15 4:00,10/28/15 4:00
385,stocktwits,XLF,2.19,0,2.19,3,0,0,14,19656,10/26/15 4:00,10/27/15 4:00
386,stocktwits,XLF,1.75,0,1.75,2,0,0,4,19656,10/25/15 4:00,10/26/15 4:00
387,stocktwits,XLF,1.82,2.39,-0.57,4,1,4,13,19656,10/24/15 4:00,10/25/15 4:00
388,stocktwits,XLF,2.45,2.67,-0.22,3,1,3,19,19656,10/23/15 4:00,10/24/15 4:00
389,stocktwits,XLF,1.32,0.43,0.89,3,3,1,16,19656,10/22/15 4:00,10/23/15 4:00
390,stocktwits,XLF,2.2,1.58,0.62,10,3,3.33,25,19656,10/21/15 4:00,10/22/15 4:00
391,stocktwits,XLF,2.62,1.21,1.41,2,3,0.67,18,19656,10/20/15 4:00,10/21/15 4:00
392,stocktwits,XLF,2.05,1,1.05,6,1,6,16,19656,10/19/15 4:00,10/20/15 4:00
393,stocktwits,XLF,1.92,0,1.92,4,0,0,11,19656,10/18/15 4:00,10/19/15 4:00
394,stocktwits,XLF,1.97,1.33,0.64,6,1,6,15,19656,10/17/15 4:00,10/18/15 4:00
395,stocktwits,XLF,1.95,0,1.95,5,0,0,15,19656,10/16/15 4:00,10/17/15 4:00
396,stocktwits,XLF,1.89,2.06,-0.17,12,5,2.4,46,19656,10/15/15 4:00,10/16/15 4:00
397,stocktwits,XLF,1.7,1.54,0.16,2,7,0.29,31,19656,10/14/15 4:00,10/15/15 4:00
398,stocktwits,XLF,1.73,1.91,-0.18,9,11,0.82,54,19656,10/13/15 4:00,10/14/15 4:00
399,stocktwits,XLF,2.27,2.31,-0.04,5,2,2.5,17,19656,10/12/15 4:00,10/13/15 4:00
400,stocktwits,XLF,2.25,1.18,1.07,1,1,1,8,19656,10/11/15 4:00,10/12/15 4:00
401,stocktwits,XLF,1.44,0,1.44,1,0,0,3,19656,10/10/15 4:00,10/11/15 4:00
402,stocktwits,XLF,1.7,1.56,0.14,13,3,4.33,40,19656,10/9/15 4:00,10/10/15 4:00
403,stocktwits,XLF,1.46,1.17,0.29,7,2,3.5,25,19656,10/8/15 4:00,10/9/15 4:00
404,stocktwits,XLF,2.85,2.19,0.66,3,2,1.5,19,19656,10/7/15 4:00,10/8/15 4:00
405,stocktwits,XLF,1.21,0,1.21,5,0,0,15,19656,10/6/15 4:00,10/7/15 4:00
406,stocktwits,XLF,1.49,2.07,-0.58,8,2,4,25,19656,10/5/15 4:00,10/6/15 4:00
407,stocktwits,XLF,0,0,0,0,0,0,5,19656,10/4/15 4:00,10/5/15 4:00
408,stocktwits,XLF,1.67,2.89,-1.22,1,2,0.5,8,19656,10/3/15 4:00,10/4/15 4:00
409,stocktwits,XLF,2.11,1.73,0.38,7,13,0.54,45,19656,10/2/15 4:00,10/3/15 4:00
410,stocktwits,XLF,0,1.63,-1.63,0,2,0,11,19656,10/1/15 4:00,10/2/15 4:00
411,stocktwits,XLF,2.72,1.31,1.41,1,1,1,12,19656,9/30/15 4:00,10/1/15 4:00
412,stocktwits,XLF,1.71,2.49,-0.78,3,8,0.38,23,19656,9/29/15 4:00,9/30/15 4:00
413,stocktwits,XLF,0.85,2.26,-1.41,10,17,0.59,58,19656,9/28/15 4:00,9/29/15 4:00
414,stocktwits,XLF,2.29,2.29,0,3,2,1.5,13,19656,9/27/15 4:00,9/28/15 4:00
415,stocktwits,XLF,1.86,2.47,-0.61,2,1,2,7,19656,9/26/15 4:00,9/27/15 4:00
416,stocktwits,XLF,1.54,1.95,-0.41,15,15,1,59,19656,9/25/15 4:00,9/26/15 4:00
417,stocktwits,XLF,1.8,1.99,-0.19,7,7,1,42,19656,9/24/15 4:00,9/25/15 4:00
418,stocktwits,XLF,1.72,1.9,-0.18,3,7,0.43,34,19656,9/23/15 4:00,9/24/15 4:00
419,stocktwits,XLF,1.69,2.05,-0.36,6,6,1,32,19656,9/22/15 4:00,9/23/15 4:00