,Price,7,50,200,750g,50200g,7200g,750d,50200d,7200d,total_scanned_messages,bull_bear_msg_ratio,bull_minus_bear
2015-09-22 09:30:00,22.58,23.087999100000072,23.896856171428567,24.451629344202825,47.5,767.5,157.0,21.0,10.0,20.0,32,1.0,-0.36
2015-09-23 09:30:00,22.639999,22.932999200000072,23.8238562142857,24.43931299638982,48.5,768.5,158.0,22.0,11.0,21.0,34,0.43,-0.18
2015-09-24 09:30:00,22.38,22.72699930000007,23.746284799999994,24.425482792114625,49.5,769.5,159.0,23.0,12.0,22.0,42,1.0,-0.19
2015-09-25 09:30:00,22.799998000000002,22.653999300000066,23.671713328571414,24.413356064285644,50.5,770.5,160.0,24.0,13.0,23.0,59,1.0,-0.41
2015-09-26 09:30:00,,,,,,,,,,,7,2.0,-0.61
2015-09-27 09:30:00,,,,,,,,,,,13,1.5,0.0
2015-09-28 09:30:00,22.649998999999998,22.652999300000065,23.57970923188405,24.408984431159357,51.5,771.5,161.0,25.0,14.0,24.0,58,0.59,-1.41
2015-09-29 09:30:00,22.299998000000002,22.560999000000066,23.517284771428557,24.393259793478197,52.5,772.5,162.0,26.0,15.0,25.0,23,0.38,-0.78
2015-09-30 09:30:00,22.62,22.527998900000068,23.43585622857141,24.379637909747228,53.5,773.5,163.0,27.0,16.0,26.0,12,1.0,1.41
2015-10-01 09:30:00,22.649998999999998,22.556998800000066,23.36585622857141,24.36727490680998,54.5,774.5,164.0,28.0,17.0,27.0,11,0.0,-1.63
2015-10-02 09:30:00,22.179999,22.513998900000068,23.291999085714263,24.3532132071428,55.5,775.5,165.0,29.0,18.0,28.0,45,0.54,0.38
2015-10-03 09:30:00,,,,,,,,,,,8,0.5,-1.22
2015-10-04 09:30:00,,,,,,,,,,,5,0.0,0.0
2015-10-05 09:30:00,22.86,22.523998900000066,23.19768023188404,24.33637571739125,56.5,776.5,166.0,30.0,19.0,29.0,25,4.0,-0.58
2015-10-06 09:30:00,23.129998999999998,22.69699910000007,23.168713357142835,24.326738036231827,57.5,777.5,167.0,31.0,20.0,30.0,15,0.0,1.21
2015-10-07 09:30:00,23.219998999999998,22.831999200000066,23.107570499999966,24.316822018050484,58.5,778.5,168.0,32.0,21.0,31.0,19,1.5,0.66
2015-10-08 09:30:00,23.159999,22.94199910000007,23.049284771428546,24.308851956989194,59.5,779.5,169.0,33.0,22.0,32.0,25,3.5,0.29
2015-10-09 09:30:00,23.439999,23.139999100000068,23.00628475714283,24.301213196428517,0.0,780.5,170.0,34.0,23.0,33.0,40,4.33,0.14
2015-10-10 09:30:00,,,,,,,,,,,3,0.0,1.44
2015-10-11 09:30:00,,,,,,,,,,,8,1.0,1.07
2015-10-12 09:30:00,23.229998000000002,23.230998800000066,22.964346840579683,24.29369456521733,1.0,781.5,171.0,35.0,24.0,34.0,17,2.5,-0.04
2015-10-13 09:30:00,23.179999,23.243998700000066,22.982713285714254,24.288332249999947,2.0,782.5,172.0,36.0,25.0,35.0,54,0.82,-0.18
2015-10-14 09:30:00,23.09,23.231998800000067,22.98385615714283,24.280937552346515,3.0,783.5,173.0,37.0,26.0,36.0,31,0.29,0.16
2015-10-15 09:30:00,23.019998,23.181998800000066,22.994284685714263,24.27143261290317,4.0,784.5,174.0,38.0,27.0,37.0,46,2.4,-0.17
2015-10-16 09:30:00,23.479998000000002,23.187998700000065,22.997856114285682,24.26610606071423,5.0,785.5,175.0,39.0,28.0,38.0,15,0.0,1.95
2015-10-17 09:30:00,,,,,,,,,,,15,6.0,0.64
2015-10-18 09:30:00,,,,,,,,,,,11,0.0,1.92
2015-10-19 09:30:00,23.399998999999998,23.23599900000007,22.982317840579682,24.263549644927483,6.0,786.5,176.0,40.0,29.0,39.0,16,6.0,1.05
2015-10-20 09:30:00,23.529998000000003,23.29799890000007,22.9908561285714,24.25844657039705,7.0,787.5,177.0,41.0,30.0,40.0,18,0.67,1.41
2015-10-21 09:30:00,23.699999,23.417998700000066,23.005284699999965,24.25433583512539,8.0,788.5,178.0,42.0,31.0,41.0,25,3.33,0.62
2015-10-22 09:30:00,23.55,23.53199880000007,23.02542755714283,24.24914482562272,9.0,789.5,179.0,43.0,32.0,42.0,16,1.0,0.89
2015-10-23 09:30:00,24.07,23.63799900000007,23.05285615714283,24.24804856382973,10.0,790.5,180.0,44.0,33.0,43.0,19,3.0,-0.22
2015-10-24 09:30:00,,,,,,,,,,,13,4.0,-0.57
2015-10-25 09:30:00,,,,,,,,,,,4,0.0,1.75
2015-10-26 09:30:00,24.139999,23.770998900000066,23.093332347826056,24.248344255395626,11.0,791.5,181.0,45.0,34.0,44.0,14,0.0,2.19
2015-10-27 09:30:00,23.919999,23.860999200000066,23.118308887323924,24.24636584172656,12.0,792.5,182.0,46.0,35.0,45.0,9,2.0,0.55
2015-10-28 09:30:00,23.949998,23.90899910000007,23.14111011111109,24.244084956989195,13.0,793.5,183.0,47.0,36.0,46.0,53,2.14,1.29
2015-10-29 09:30:00,24.449998,24.094998900000068,23.172221208333305,24.245586117437664,14.0,794.5,184.0,48.0,37.0,47.0,15,1.5,-0.74
2015-10-30 09:30:00,24.369999,24.179998700000066,23.213887861111086,24.246842890070862,15.0,795.5,185.0,49.0,38.0,48.0,12,1.0,1.12
2015-10-31 09:30:00,,,,,,,,,,,1,0.0,0.0
2015-11-01 09:30:00,,,,,,,,,,,5,0.0,2.71
2015-11-02 09:30:00,24.139999,24.17399880000007,23.247463774647866,24.2433442517985,16.0,796.5,186.0,50.0,39.0,49.0,12,4.0,-0.54
2015-11-03 09:30:00,24.399998999999998,24.25899870000007,23.28208230555553,24.243380226618648,17.0,797.5,0.0,51.0,40.0,50.0,16,4.0,2.16
2015-11-04 09:30:00,24.449998,24.363998600000066,23.31916559722221,24.24526774193543,18.0,798.5,1.0,52.0,41.0,51.0,16,5.0,1.52
2015-11-05 09:30:00,24.379998999999998,24.34899880000007,23.346110041666652,24.246226683273964,19.0,799.5,2.0,53.0,42.0,52.0,14,0.33,1.78
2015-11-06 09:30:00,24.939998000000003,24.410998700000068,23.378610013888874,24.249608851063773,20.0,800.5,3.0,54.0,43.0,53.0,68,2.6,0.19
2015-11-07 09:30:00,,,,,,,,,,,18,4.0,1.19
2015-11-08 09:30:00,,,,,,,,,,,8,0.0,1.17
2015-11-09 09:30:00,24.76,24.537998600000066,23.437745394366182,24.253847841726564,21.0,801.5,4.0,55.0,44.0,54.0,25,0.33,0.22
2015-11-10 09:30:00,24.399998999999998,24.542998500000056,23.474026666666656,24.25481905395678,22.0,802.5,5.0,56.0,45.0,55.0,25,2.0,-0.67
2015-11-11 09:30:00,24.679998,24.57799860000007,23.526109972222212,24.25738241577056,23.0,803.5,6.0,57.0,46.0,56.0,18,0.0,2.29
2015-11-12 09:30:00,24.429998,24.59399840000007,23.57680437499999,24.258824519572897,24.0,804.5,7.0,58.0,47.0,57.0,22,1.25,0.46
2015-11-13 09:30:00,23.999998,24.463998500000066,23.61985990277777,24.25723294326236,25.0,805.5,8.0,59.0,48.0,58.0,19,1.0,-0.57
2015-11-14 09:30:00,,,,,,,,,,,7,1.0,-0.68
2015-11-15 09:30:00,,,,,,,,,,,7,0.0,0.0
2015-11-16 09:30:00,23.849999,24.291998500000073,23.666336816901406,24.254962935251747,26.0,806.5,9.0,60.0,49.0,59.0,21,0.0,1.6
2015-11-17 09:30:00,24.31,24.25799860000007,23.696943236111107,24.255430557553908,27.0,807.5,10.0,61.0,50.0,60.0,20,4.0,-0.23
2015-11-18 09:30:00,24.3,24.178998800000066,23.750832166666655,24.254945143369127,28.0,808.5,11.0,62.0,51.0,0.5,26,6.0,0.03
2015-11-19 09:30:00,24.599999,24.205999000000066,23.80985994444444,24.257365455515966,29.0,809.5,12.0,63.0,52.0,1.5,17,0.0,1.48
2015-11-20 09:30:00,24.699998,24.326999000000068,23.86569326388889,24.259608836879387,30.0,810.5,0.0,64.0,53.0,2.5,8,0.0,2.73
2015-11-21 09:30:00,,,,,,,,,,,9,0.0,0.0
2015-11-22 09:30:00,,,,,,,,,,,10,0.0,1.98
2015-11-23 09:30:00,24.659999,24.482998900000066,23.945210070422537,24.259890992805705,31.0,811.5,1.0,65.0,54.0,3.5,10,0.0,2.48
2015-11-24 09:30:00,24.419999,24.529998900000066,23.97555434722223,24.260034874100672,32.0,812.5,2.0,66.0,55.0,4.5,19,1.0,-0.16
2015-11-25 09:30:00,24.51,24.584999000000057,24.013054375000007,24.259998906809987,33.0,813.5,3.0,67.0,56.0,5.5,17,0.33,1.5
2015-11-26 09:30:00,,,,,,,,,,,4,1.0,1.0
2015-11-27 09:30:00,24.56,24.551249375000076,24.075998842857146,24.260213196428523,34.0,814.5,4.0,68.0,57.0,6.5,4,0.0,0.0
2015-11-28 09:30:00,,,,,,,,,,,4,0.0,0.9
2015-11-29 09:30:00,,,,,,,,,,,8,0.0,1.56
2015-11-30 09:30:00,24.659999,24.539999500000075,24.123042333333334,24.255107608695607,35.0,815.5,5.0,69.0,58.0,7.5,15,0.0,1.83
2015-12-01 09:30:00,24.649998999999998,24.567499625000075,24.149570314285718,24.253585873188356,36.0,816.5,6.0,70.0,59.0,8.5,27,3.33,-0.3
2015-12-02 09:30:00,24.889999,24.656249375000076,24.19642747142857,24.25635270397107,37.0,817.5,7.0,71.0,60.0,9.5,17,2.0,0.21
2015-12-03 09:30:00,24.679998,24.661110333333408,24.23999887142858,24.258887802867328,38.0,818.5,8.0,72.0,61.0,10.5,23,0.67,0.73
2015-12-04 09:30:00,24.29,24.581999200000066,24.27599890000001,24.25696320714281,39.0,0.0,9.0,73.0,62.0,11.5,27,8.0,-0.12
2015-12-05 09:30:00,,,,,,,,,,,7,0.0,0.0
2015-12-06 09:30:00,,,,,,,,,,,11,0.0,1.91
2015-12-07 09:30:00,24.75,24.610999400000058,24.32478153623189,24.246267047101398,40.0,1.0,10.0,74.0,63.0,12.5,19,0.0,-2.33
2015-12-08 09:30:00,24.28,24.57299950000006,24.340570385714287,24.2432960471014,41.0,2.0,11.0,75.0,64.0,13.5,22,1.0,0.85
2015-12-09 09:30:00,24.129998999999998,24.437999400000066,24.35928468571429,24.240648761732803,42.0,3.0,12.0,76.0,65.0,14.5,28,1.67,0.72
2015-12-10 09:30:00,23.949998,24.306999200000067,24.366998942857148,24.238601086021447,43.0,4.0,13.0,0.0,66.0,15.5,30,2.5,-0.11
2015-12-11 09:30:00,23.619999,24.22399900000007,24.37485607142858,24.235479359430556,44.0,5.0,14.0,1.0,67.0,0.0,24,0.75,-0.24
2015-12-12 09:30:00,,,,,,,,,,,12,1.0,-0.19
2015-12-13 09:30:00,,,,,,,,,,,16,5.0,0.84
2015-12-14 09:30:00,23.469998,23.962998700000067,24.36333223188407,24.22086223381289,45.0,6.0,15.0,2.0,68.0,1.0,19,2.0,0.34
2015-12-15 09:30:00,23.739998,23.803998300000067,24.345284585714296,24.212229133093466,46.0,7.0,16.0,3.0,69.0,2.0,40,10.0,0.86
2015-12-16 09:30:00,24.27,23.79899860000007,24.350427457142874,24.21046487455192,47.0,8.0,17.0,4.0,70.0,3.0,62,3.0,0.23
2015-12-17 09:30:00,24.53,23.904998800000065,24.366427471428587,24.21241885409248,48.0,9.0,18.0,5.0,71.0,4.0,16,0.5,0.32
2015-12-18 09:30:00,23.769998,23.930998800000065,24.351427485714296,24.20858048581555,49.0,10.0,19.0,6.0,72.0,5.0,33,1.0,-0.54
2015-12-19 09:30:00,,,,,,,,,,,4,0.0,0.0
2015-12-20 09:30:00,,,,,,,,,,,8,0.0,1.51
2015-12-21 09:30:00,23.489998,23.917998900000068,24.32623079710146,24.191761517985558,50.0,11.0,20.0,7.0,73.0,6.0,21,2.0,-2.35
2015-12-22 09:30:00,23.669999,23.91399900000007,24.308141757142874,24.183560075539518,51.0,12.0,21.0,8.0,74.0,7.0,17,2.0,1.17
2015-12-23 09:30:00,23.899998999999998,23.846998700000068,24.291570314285728,24.17881612186375,52.0,13.0,22.0,9.0,75.0,8.0,12,0.0,1.95
2015-12-24 09:30:00,24.06,23.758998900000066,24.279998942857148,24.17786369395013,53.0,14.0,23.0,10.0,76.0,9.0,8,3.0,-0.43
2015-12-25 09:30:00,,,,,,,,,,,3,0.0,1.36
2015-12-26 09:30:00,,,,,,,,,,,3,0.0,0.0
2015-12-27 09:30:00,,,,,,,,,,,10,2.0,-0.52
2015-12-28 09:30:00,23.909999,23.857498875000076,24.247909417910446,24.159491681159373,54.0,15.0,24.0,11.0,77.0,10.0,12,2.0,-1.4
2015-12-29 09:30:00,24.189998000000003,23.979998750000075,24.235734220588242,24.152027909420237,55.0,16.0,25.0,12.0,78.0,11.0,23,2.5,-0.6
2015-12-30 09:30:00,24.189998000000003,24.077498625000075,24.229410676470604,24.1492768916967,56.0,17.0,26.0,13.0,79.0,12.0,13,0.0,-1.97
2015-12-31 09:30:00,23.83,24.053748625000075,24.209557779411767,24.147848383512496,57.0,18.0,27.0,14.0,80.0,13.0,11,0.0,-2.22
2016-01-01 09:30:00,,,,,,,,,,,2,0.0,-3.1
2016-01-02 09:30:00,,,,,,,,,,,12,0.0,1.02
2016-01-03 09:30:00,,,,,,,,,,,13,0.0,0.0
2016-01-04 09:30:00,23.34,23.959999000000078,24.19169133846154,24.121385799270023,58.0,19.0,28.0,15.0,81.0,14.0,17,0.25,-2.38
2016-01-05 09:30:00,23.409999,23.784999250000077,24.17257478787879,24.108320102189733,59.0,20.0,29.0,16.0,82.0,15.0,18,0.0,1.57
2016-01-06 09:30:00,23.12,23.553749625000076,24.14318086363636,24.10007166909086,60.0,21.0,30.0,17.0,83.0,16.0,14,0.5,-0.54
2016-01-07 09:30:00,22.62,23.281249625000076,24.101665727272724,24.091118083032445,61.0,22.0,31.0,18.0,84.0,17.0,23,0.75,0.21
2016-01-08 09:30:00,22.649998999999998,23.05777722222229,24.039696030303027,24.076401827338085,62.0,23.0,32.0,19.0,0.5,18.0,34,0.6,-0.93
2016-01-09 09:30:00,,,,,,,,,,,4,0.0,0.9
2016-01-10 09:30:00,,,,,,,,,,,16,0.0,-1.3
2016-01-11 09:30:00,22.219998999999998,22.849999400000065,23.952922184615367,24.039998959853968,63.0,24.0,33.0,20.0,1.5,19.0,21,1.33,0.33
2016-01-12 09:30:00,22.36,22.620999600000058,23.89045368181817,24.020874883211636,64.0,25.0,34.0,21.0,2.5,20.0,18,1.5,-0.59
2016-01-12 09:30:00,22.36,22.620999600000058,23.89045368181817,24.020874883211636,64.0,25.0,34.0,21.0,2.5,20.0,18,1.5,-0.585
2016-01-13 09:30:00,22.39,22.431999500000053,23.825302166666656,24.00552624363632,65.0,26.0,35.0,22.0,3.5,21.0,17,0.6,-1.503333
2016-01-14 09:30:00,21.769999,22.208999300000052,23.741665772727266,23.989204747292376,66.0,27.0,36.0,23.0,4.5,22.0,34,1.2,-1.113
2016-01-15 09:30:00,21.17,22.006999500000052,23.664327477611927,23.969315525179816,67.0,28.0,37.0,24.0,5.5,23.0,31,1.75,-0.6
2016-01-16 09:30:00,,,,,,,,,,,12,0.0,0.89
2016-01-17 09:30:00,,,,,,,,,,,7,0.0,-0.06
2016-01-18 09:30:00,,,,,,,,,,,14,0.75,-1.374167
2016-01-19 09:30:00,21.65,21.791249500000077,23.55727186363636,23.935713260073214,68.0,29.0,38.0,25.0,6.5,24.0,37,1.0,0.6533329999999999
2016-01-20 09:30:00,20.969998999999998,21.502499625000077,23.45378701515151,23.915744432727234,69.0,30.0,39.0,26.0,7.5,25.0,31,0.625,0.29025
2016-01-21 09:30:00,21.009999,21.31624962500008,23.33681731818181,23.89469211913353,70.0,31.0,40.0,27.0,8.5,26.0,47,0.6364,-0.624675
2016-01-22 09:30:00,21.17,21.18999962500008,23.22848401515152,23.87244502877693,71.0,32.0,41.0,28.0,9.5,27.0,23,7.0,0.972857
2016-01-23 09:30:00,,,,,,,,,,,12,0.0,1.79
2016-01-24 09:30:00,,,,,,,,,,,21,3.0,2.0333330000000003
2016-01-25 09:30:00,21.19,21.174444000000065,23.11292223076923,23.841093864963455,72.0,33.0,42.0,29.0,10.5,28.0,65,1.625,-0.520288
2016-01-26 09:30:00,20.93,21.06999940000006,23.020756712121216,23.814597518248128,73.0,34.0,43.0,30.0,11.5,29.0,42,2.3333,0.5023810000000001
2016-01-27 09:30:00,21.13,21.064999400000055,22.92227184848485,23.79232625454541,74.0,35.0,44.0,31.0,12.5,30.0,47,1.875,-0.240833
2016-01-28 09:30:00,21.249999,21.10199930000006,22.83136275757576,23.77350078339346,75.0,36.0,45.0,32.0,13.5,31.0,25,4.0,-1.5825
2016-01-29 09:30:00,21.279999,21.135999200000054,22.74802946969697,23.751150061151037,76.0,37.0,46.0,33.0,14.5,32.0,34,0.4286,0.303333
2016-01-30 09:30:00,,,,,,,,,,,10,2.0,1.14
2016-01-31 09:30:00,,,,,,,,,,,20,6.0,-0.723333
2016-02-01 09:30:00,21.62,21.222999200000054,22.67169150769231,23.706677824817483,77.0,38.0,47.0,34.0,15.5,33.0,38,0.6667,-0.06
2016-02-02 09:30:00,21.319998000000002,21.339999200000054,22.623332545454545,23.677663233576602,78.0,39.0,48.0,35.0,16.5,34.0,58,1.0,-0.536
2016-02-03 09:30:00,21.15,21.324999200000054,22.546665924242426,23.652617189090872,79.0,40.0,49.0,36.0,17.5,35.0,66,0.8462,-0.604965
2016-02-04 09:30:00,20.92,21.28499940000006,22.450453787878796,23.633356411552306,80.0,41.0,50.0,37.0,18.5,36.0,38,9.0,-0.07222200000000001
2016-02-05 09:30:00,21.249999,21.29199930000006,22.352120454545457,23.60956735971219,81.0,42.0,51.0,38.0,19.5,37.0,29,0.75,-0.452083
2016-02-06 09:30:00,,,,,,,,,,,16,3.0,-0.71
2016-02-07 09:30:00,,,,,,,,,,,10,1.0,-0.86
2016-02-08 09:30:00,20.65,21.11799940000006,22.241230046153845,23.54832020437952,82.0,43.0,52.0,39.0,20.5,38.0,76,0.9091,-1.145727
2016-02-09 09:30:00,20.019999,20.86699950000006,22.16105990909092,23.510911448905073,83.0,44.0,53.0,40.0,21.5,39.0,43,0.5714,-0.58
2016-02-10 09:30:00,20.549999,20.742999300000054,22.06621142424244,23.482944490909052,84.0,45.0,54.0,41.0,22.5,40.0,33,0.75,-0.37083299999999997
2016-02-11 09:30:00,19.74,20.54799930000006,21.950605393939405,23.457869075812233,85.0,46.0,55.0,42.0,23.5,41.0,76,1.1818,0.20930100000000001
2016-02-12 09:30:00,20.129998,20.278999200000058,21.82484777272729,23.42686954316543,86.0,47.0,56.0,43.0,24.5,42.0,84,4.7143,-0.555628
2016-02-13 09:30:00,,,,,,,,,,,23,1.1667,0.074524
2016-02-14 09:30:00,,,,,,,,,,,23,1.0,0.0475
2016-02-15 09:30:00,,,,,,,,,,,20,0.75,-1.06
2016-02-16 09:30:00,20.839998,20.259998750000086,21.7249992878788,23.355403441176442,87.0,48.0,57.0,44.0,25.5,43.0,45,2.6,-0.866
2016-02-17 09:30:00,21.019999,20.372498750000087,21.62893869696971,23.33076826007323,88.0,49.0,58.0,45.0,26.5,44.0,31,2.3333,-0.41618999999999995
2016-02-18 09:30:00,21.18,20.654998625000086,21.53575690909092,23.314835392727247,89.0,50.0,59.0,46.0,27.5,45.0,42,1.75,-0.751429
2016-02-19 09:30:00,20.809998999999998,20.90499875000008,21.44318112121213,23.290433815217362,90.0,51.0,60.0,47.0,28.5,46.0,22,0.6667,-1.536667
2016-02-20 09:30:00,,,,,,,,,,,6,0.0,0.0
2016-02-21 09:30:00,,,,,,,,,,,11,2.0,-0.44
2016-02-22 09:30:00,21.229999,20.9955543333334,21.397461970149266,23.231763738970557,91.0,52.0,61.0,48.0,29.5,47.0,25,0.5,0.02
2016-02-23 09:30:00,21.199999,21.062998800000067,21.364705132352952,23.203197562499966,92.0,53.0,62.0,49.0,30.5,48.0,62,0.5,-0.909286
2016-02-24 09:30:00,20.629998,21.034998900000065,21.287940426470602,23.178130904761876,93.0,54.0,63.0,50.0,31.5,49.0,53,1.375,-0.198864
2016-02-25 09:30:00,20.88,20.98299910000006,21.217058088235312,23.16141722545452,94.0,55.0,64.0,51.0,32.5,50.0,44,1.5,-0.035833
2016-02-26 09:30:00,21.309998,21.051999100000067,21.169411000000018,23.139491797101424,95.0,56.0,65.0,52.0,33.5,51.0,63,2.1667,0.394615
2016-02-27 09:30:00,,,,,,,,,,,25,0.5,-0.85
2016-02-28 09:30:00,,,,,,,,,,,20,2.5,-0.129
2016-02-29 09:30:00,21.299998000000002,21.092998900000058,21.11850665671644,23.081800514705858,96.0,57.0,66.0,53.0,34.5,52.0,21,0.6667,-0.208333
2016-03-01 09:30:00,21.239998999999997,21.074998900000068,21.103675647058846,23.053197566176447,97.0,58.0,67.0,54.0,35.5,53.0,60,5.6667,-0.333333
2016-03-02 09:30:00,21.819998000000002,21.280998700000058,21.090881470588254,23.03604298168496,0.5,59.0,68.0,55.0,36.5,54.0,41,1.125,0.259167
2016-03-03 09:30:00,22.019999,21.510998400000066,21.08161675000002,23.02872629454544,1.5,60.0,69.0,56.0,37.5,55.0,37,2.0,0.045
2016-03-04 09:30:00,22.299998000000002,21.71199830000005,21.09632261764708,23.015397568840562,2.5,61.0,70.0,57.0,38.5,56.0,17,5.0,0.15
2016-03-05 09:30:00,,,,,,,,,,,14,1.0,-1.215
2016-03-06 09:30:00,,,,,,,,,,,12,0.0,2.253333
2016-03-07 09:30:00,22.13,21.89099850000006,21.111342328358226,22.962351952205864,3.5,62.0,71.0,58.0,39.5,57.0,25,4.0,-0.4775
2016-03-08 09:30:00,22.069998000000002,22.09199840000005,21.14202800000001,22.94621223897057,4.5,63.0,72.0,59.0,40.5,58.0,24,4.0,-1.385
2016-03-09 09:30:00,21.989998999999997,22.119998700000057,21.15785615714287,22.936372633699612,5.5,64.0,73.0,60.0,41.5,59.0,25,7.0,-0.5428569999999999
2016-03-10 09:30:00,22.079998,22.115998700000052,21.181284700000013,22.92963536727271,6.5,65.0,74.0,61.0,42.5,60.0,31,3.0,-0.473333
2016-03-11 09:30:00,22.14,22.07299890000005,21.2107132857143,22.92579610869564,7.5,66.0,75.0,62.0,43.5,61.0,33,5.0,0.746
2016-03-12 09:30:00,,,,,,,,,,,14,0.0,-1.13
2016-03-13 09:30:00,,,,,,,,,,,6,0.0,2.75
2016-03-14 09:30:00,22.419999,22.122998900000052,21.25086853623189,22.921028411764695,8.5,67.0,76.0,63.0,44.5,62.0,29,7.0,0.151429
2016-03-15 09:30:00,22.269998,22.157999000000054,21.282998942857148,22.911101941176447,9.5,68.0,77.0,64.0,45.5,63.0,20,2.5,-0.184
2016-03-16 09:30:00,22.289998,22.237998800000053,21.32471321428572,22.904357970695955,10.5,69.0,78.0,65.0,46.5,64.0,50,1.125,0.007917
2016-03-17 09:30:00,22.36,22.307999100000053,21.35885608571429,22.900399003636345,11.5,70.0,79.0,66.0,47.5,65.0,27,5.5,0.217727
2016-03-18 09:30:00,22.669999,22.431999100000052,21.400713257142858,22.89648451811593,12.5,71.0,80.0,67.0,48.5,66.0,30,0.6667,-0.184167
2016-03-19 09:30:00,,,,,,,,,,,12,0.0,2.65
2016-03-20 09:30:00,,,,,,,,,,,16,5.0,-0.8640000000000001
2016-03-21 09:30:00,22.659999,22.479999100000054,21.439274318840578,22.892609308823513,13.5,72.0,81.0,68.0,49.5,67.0,24,1.3333,0.128333
2016-03-22 09:30:00,22.529998000000003,22.53299910000005,21.47014178571429,22.89014606985293,14.5,73.0,82.0,69.0,50.5,68.0,17,3.0,-0.143333
2016-03-23 09:30:00,22.58,22.582999400000052,21.50228467142857,22.888900117216107,15.5,74.0,83.0,70.0,51.5,69.0,23,8.0,1.955
2016-03-24 09:30:00,22.249999,22.580999200000054,21.538284657142853,22.88498083636362,16.5,75.0,84.0,71.0,52.5,70.0,19,1.0,-0.213333
2016-03-25 09:30:00,,,,,,,,,,,6,0.0,0.0
2016-03-26 09:30:00,,,,,,,,,,,10,0.0,-2.1766669999999997
2016-03-27 09:30:00,,,,,,,,,,,15,0.5,-1.09
2016-03-28 09:30:00,22.34,22.47124912500007,21.595969059701485,22.876690194852923,17.5,76.0,85.0,72.0,53.5,71.0,21,1.3333,-0.006667
2016-03-29 09:30:00,22.289998,22.402499250000073,21.63161654411764,22.872057845588216,18.5,77.0,86.0,73.0,54.5,72.0,32,1.5,-0.6725
2016-03-30 09:30:00,22.539998,22.372498875000066,21.69808710294117,22.86827740293039,19.5,78.0,87.0,74.0,55.5,73.0,29,2.0,-0.291667
2016-03-31 09:30:00,22.489998999999997,22.414998750000066,21.758381220588216,22.86574446545453,20.5,79.0,88.0,75.0,56.5,74.0,22,2.0,-1.555
2016-04-01 09:30:00,22.39,22.433332333333393,21.82999886764704,22.861955532608686,21.5,80.0,89.0,76.0,57.5,75.0,31,3.5,1.084286
2016-04-02 09:30:00,,,,,,,,,,,16,0.0,1.9
2016-04-03 09:30:00,,,,,,,,,,,19,0.0,1.536667
2016-04-04 09:30:00,22.679999,22.49399890000005,21.93343171641789,22.84981518382352,22.5,81.0,90.0,77.0,58.5,76.0,36,1.0,-0.622
2016-04-05 09:30:00,22.38,22.52399910000005,21.949419202898525,22.845991665441165,23.5,82.0,91.0,78.0,59.5,77.0,34,1.6667,-0.17666700000000002
2016-04-06 09:30:00,22.229999,22.47799910000005,21.97385605714284,22.84230670695969,24.5,83.0,92.0,79.0,60.5,78.0,25,1.0,0.5425
2016-04-07 09:30:00,22.229999,22.43599930000005,22.013570371428557,22.838435381818172,25.5,84.0,93.0,80.0,61.5,79.0,93,0.7778,-0.498571
2016-04-08 09:30:00,22.12,22.355999300000054,22.039427528571405,22.83278887318839,26.5,85.0,94.0,81.0,62.5,80.0,36,1.6,-1.14475
2016-04-09 09:30:00,,,,,,,,,,,15,0.0,1.6
2016-04-10 09:30:00,,,,,,,,,,,51,0.5556,0.092667
2016-04-11 09:30:00,22.15,22.23799930000005,22.089709101449255,22.831837242647048,27.5,86.0,95.0,82.0,63.5,81.0,65,2.0,0.693
2016-04-12 09:30:00,22.169999,22.17199920000005,22.103856114285694,22.828271073529397,28.5,87.0,96.0,83.0,64.5,82.0,47,1.4,-0.09
2016-04-13 09:30:00,22.649998999999998,22.22899930000005,22.14042755714284,22.82618948717947,29.5,88.0,97.0,84.0,65.5,83.0,101,4.5714,0.8785270000000001
2016-04-14 09:30:00,22.82,22.34199930000005,22.200284714285694,22.82654446909089,30.5,89.0,98.0,85.0,66.5,84.0,63,5.0,0.606667
2016-04-15 09:30:00,23.039998,22.534999100000054,22.261141814285693,22.82851350362317,31.5,90.0,99.0,86.0,67.5,85.0,34,8.0,-0.56875
2016-04-16 09:30:00,,,,,,,,,,,11,0.0,0.86
2016-04-17 09:30:00,,,,,,,,,,,11,0.6667,0.993333
2016-04-18 09:30:00,22.789998,22.683999000000053,22.321303304347808,22.836506367647036,32.5,91.0,100.0,87.0,68.5,86.0,31,3.0,-0.17166700000000001
2016-04-19 09:30:00,23.139999,22.87399900000005,22.358284699999977,22.841506371323515,33.5,92.0,0.0,88.0,69.5,87.0,58,5.3333,0.907292
2016-04-20 09:30:00,23.35,23.03799920000005,22.42085617142855,22.84578657142855,34.5,93.0,1.0,89.0,70.5,88.0,45,2.0,-0.07333300000000001
2016-04-21 09:30:00,23.529998000000003,23.16999910000005,22.470141914285694,22.85079902545452,35.5,94.0,2.0,90.0,71.5,89.0,41,3.3333,0.093667
2016-04-22 09:30:00,23.35,23.235999400000054,22.507570528571406,22.854310623188386,36.5,95.0,3.0,91.0,72.5,90.0,39,4.5,-0.378889
2016-04-23 09:30:00,,,,,,,,,,,13,0.6667,1.44
2016-04-24 09:30:00,,,,,,,,,,,13,4.0,0.77
2016-04-25 09:30:00,23.449999,23.366999600000053,22.547245521739107,22.852131386029395,37.5,96.0,4.0,92.0,73.5,91.0,22,0.0,1.35
2016-04-26 09:30:00,23.519998,23.447999300000053,22.580713385714255,22.852829908088218,38.5,97.0,5.0,93.0,74.5,92.0,29,5.0,0.17600000000000002
2016-04-27 09:30:00,23.629998999999998,23.504999100000052,22.622713414285695,22.857178516483497,39.5,98.0,6.0,94.0,75.5,93.0,31,1.25,0.0985
2016-04-28 09:30:00,23.489998,23.515999000000054,22.669570528571402,22.86250811636361,40.5,99.0,7.0,95.0,76.5,94.0,27,0.6667,-0.6225
2016-04-29 09:30:00,23.31,23.52299890000005,22.70857055714283,22.864890336956506,41.5,100.0,8.0,96.0,77.5,95.0,24,0.5,1.15
2016-04-30 09:30:00,,,,,,,,,,,9,0.0,0.0
2016-05-01 09:30:00,,,,,,,,,,,11,4.0,0.53
2016-05-02 09:30:00,23.33,23.486999000000058,22.74912957971012,22.86334462867645,42.5,101.0,9.0,97.0,78.5,96.0,17,0.0,1.5175
2016-05-03 09:30:00,23.249998,23.461999000000056,22.771999114285695,22.862903448529398,43.5,102.0,10.0,98.0,79.5,97.0,45,0.5385,-0.225604
2016-05-04 09:30:00,22.949999,23.35099900000006,22.793141985714254,22.86201368498167,44.5,103.0,11.0,99.0,80.5,98.0,26,0.5,-0.66375
2016-05-05 09:30:00,23.09,23.245999100000056,22.813570571428546,22.86348994181817,45.5,104.0,12.0,100.0,81.5,99.0,25,0.75,-0.483333
2016-05-06 09:30:00,22.86,23.159999000000067,22.8302848285714,22.862136713768106,46.5,105.0,13.0,101.0,82.5,100.0,32,0.7143,-0.002571
2016-05-07 09:30:00,,,,,,,,,,,13,0.0,1.44
2016-05-08 09:30:00,,,,,,,,,,,20,2.0,-0.245
2016-05-09 09:30:00,23.09,23.117998900000067,22.845071579710112,22.848124044117625,47.5,106.0,14.0,102.0,83.5,101.0,16,2.0,1.045
2016-05-10 09:30:00,23.179999,23.065999200000057,22.855713414285685,22.841874044117628,48.5,0.5,15.0,103.0,84.5,102.0,24,8.0,1.07875
2016-05-11 09:30:00,23.33,23.121999300000066,22.877284871428536,22.84095142857141,49.5,1.5,16.0,104.0,85.5,103.0,29,4.0,-0.1325
2016-05-12 09:30:00,23.229998000000002,23.146999200000057,22.894141971428546,22.843489952727257,50.5,2.5,17.0,105.0,86.5,104.0,27,1.0,0.5175
2016-05-13 09:30:00,23.11,23.184999300000058,22.91657055714283,22.840904844202882,51.5,3.5,18.0,106.0,87.5,105.0,38,0.375,-0.049167
2016-05-14 09:30:00,,,,,,,,,,,21,0.3333,-1.76
2016-05-15 09:30:00,,,,,,,,,,,14,0.25,-0.7
2016-05-16 09:30:00,22.879998999999998,23.138999200000057,22.924083647887297,22.812976996323513,52.5,4.5,19.0,107.0,88.5,106.0,34,1.0,-0.616667
2016-05-17 09:30:00,22.939999,23.107999000000056,22.933471333333305,22.802462290441166,53.5,5.5,20.0,108.0,89.5,107.0,35,2.5,0.46399999999999997
2016-05-18 09:30:00,22.799998000000002,23.001998900000057,22.947360222222194,22.798021029304014,54.5,6.5,21.0,109.0,90.5,108.0,107,7.4,-0.14086500000000002
2016-05-19 09:30:00,23.159999,23.006998900000056,22.96777688888886,22.80105359272726,55.5,7.5,22.0,110.0,91.5,109.0,40,2.5,0.48700000000000004
2016-05-20 09:30:00,23.169999,23.00199870000005,22.984165777777747,22.79844107246376,56.5,8.5,23.0,111.0,92.5,110.0,23,1.0,-0.303333
2016-05-21 09:30:00,,,,,,,,,,,14,0.0,1.965
2016-05-22 09:30:00,,,,,,,,,,,25,2.5,-0.402
2016-05-23 09:30:00,23.159999,23.06299870000006,23.009013183098563,22.765697580882343,57.5,9.5,24.0,112.0,93.5,111.0,29,1.5,0.591667
2016-05-24 09:30:00,23.35,23.122998900000052,23.020832444444412,22.75510935661764,58.5,10.5,25.0,113.0,94.5,112.0,39,5.3333,0.20083299999999998
2016-05-25 09:30:00,23.639999,23.273999000000053,23.051526874999965,22.753991743589737,59.5,11.5,26.0,114.0,95.5,113.0,61,7.0,0.331429
2016-05-26 09:30:00,23.8,23.389999300000053,23.0944435833333,22.761562712727265,60.5,12.5,27.0,115.0,96.5,114.0,39,0.8333,0.20666700000000002
2016-05-27 09:30:00,23.689999,23.501999400000056,23.13222134722219,22.76090486956521,61.5,13.5,28.0,116.0,97.5,115.0,40,12.0,0.890833
2016-05-28 09:30:00,,,,,,,,,,,10,0.0,-1.7566669999999998
2016-05-29 09:30:00,,,,,,,,,,,13,0.0,2.13
2016-05-30 09:30:00,,,,,,,,,,,10,0.0,1.955
2016-05-31 09:30:00,23.929999,23.731249500000075,23.213856271428536,22.720739837037033,62.5,14.5,29.0,117.0,98.5,116.0,38,1.4,-0.21857100000000002
2016-06-01 09:30:00,23.58,23.749999375000076,23.25699911428568,22.723283228782293,63.5,15.5,30.0,118.0,99.5,117.0,42,2.2,1.001818
2016-06-02 09:30:00,23.739998,23.743749125000075,23.2922848285714,22.730951476190477,64.5,16.5,31.0,119.0,100.5,118.0,35,2.5,0.557
2016-06-03 09:30:00,23.56,23.752499250000078,23.315999114285678,22.733977200729928,65.5,17.5,32.0,120.0,101.5,119.0,55,1.75,-1.108036
2016-06-04 09:30:00,,,,,,,,,,,13,3.0,-0.23666700000000002
2016-06-05 09:30:00,,,,,,,,,,,13,2.0,1.84
2016-06-06 09:30:00,23.519998,23.69333222222229,23.33666576811591,22.70359168148148,66.5,18.5,33.0,121.0,102.5,120.0,33,0.0,1.7833330000000003
2016-06-07 09:30:00,23.669999,23.66299890000006,23.353713399999968,22.696147240740732,67.5,19.5,34.0,122.0,103.5,121.0,24,0.6667,-0.94
2016-06-08 09:30:00,23.56,23.645999100000054,23.367284842857106,22.69538655719557,68.5,20.5,35.0,123.0,104.5,122.0,32,1.6667,0.661333
2016-06-09 09:30:00,23.479998000000002,23.601999000000053,23.3728562285714,22.701647450549444,69.5,21.5,36.0,124.0,105.5,123.0,41,0.8889,-0.182222
2016-06-10 09:30:00,23.179999,23.523998900000052,23.366570514285684,22.698977200729924,70.5,22.5,37.0,125.0,106.5,124.0,42,0.625,0.14775
2016-06-11 09:30:00,,,,,,,,,,,12,5.0,-0.5579999999999999
2016-06-12 09:30:00,,,,,,,,,,,13,5.0,0.782
2016-06-13 09:30:00,23.029998000000003,23.439999000000054,23.35681062318838,22.668596870848702,71.5,23.5,38.0,126.0,107.5,125.0,23,5.0,-1.556
2016-06-14 09:30:00,22.909999,23.298998900000054,23.343999014285693,22.66374907720588,72.5,24.5,39.0,0.0,108.5,126.0,47,0.9091,-0.174818
2016-06-15 09:30:00,22.719998999999998,23.12099870000005,23.320570471428546,22.656922153846153,73.5,25.5,40.0,1.0,109.5,127.0,41,2.0,-0.823
2016-06-16 09:30:00,22.509998,22.930998700000053,23.290856171428548,22.656508163636364,74.5,26.5,41.0,2.0,110.5,128.0,28,0.8333,-0.481333
2016-06-17 09:30:00,22.659999,22.808998600000052,23.26557045714283,22.649600518115946,75.5,27.5,42.0,3.0,111.5,129.0,12,1.3333,-0.1575
2016-06-18 09:30:00,,,,,,,,,,,7,0.0,1.0
2016-06-19 09:30:00,,,,,,,,,,,10,1.6667,-0.050667000000000004
2016-06-20 09:30:00,22.969998999999998,22.74799880000005,23.24797002898548,22.605587305147058,76.5,28.5,43.0,4.0,112.5,130.0,45,1.8333,0.536818
2016-06-21 09:30:00,22.83,22.71399900000005,23.23357044285711,22.59507259926471,77.5,29.5,44.0,5.0,113.5,131.0,17,0.5,-0.31
2016-06-22 09:30:00,22.87,22.74999920000005,23.218856214285683,22.589083322344322,78.5,30.5,45.0,6.0,114.5,132.0,25,0.5,-0.76
2016-06-23 09:30:00,23.12,22.826999500000056,23.215999099999966,22.59196271636364,79.5,31.5,46.0,7.0,115.5,133.0,49,1.8333,-1.005
2016-06-24 09:30:00,22.11,22.829999800000056,23.20614198571425,22.58507154710145,80.5,32.5,47.0,8.0,116.5,134.0,75,1.1333,-0.54698
2016-06-25 09:30:00,,,,,,,,,,,12,4.0,-1.425
2016-06-26 09:30:00,,,,,,,,,,,21,1.3333,-0.14083299999999999
2016-06-27 09:30:00,21.749999,22.654999600000053,23.177390420289818,22.54485202573529,81.5,33.5,48.0,9.0,117.5,135.0,95,0.4583,0.0040149999999999995
2016-06-28 09:30:00,21.839998,22.426999400000053,23.134856228571397,22.529006437500005,82.5,34.5,49.0,10.0,118.5,0.5,43,1.75,0.21535700000000002
2016-06-29 09:30:00,22.189999,22.271999200000053,23.105427642857105,22.5224532967033,83.5,35.5,50.0,11.0,119.5,1.5,101,3.3333,0.708667
2016-06-30 09:30:00,22.57,22.18199910000005,23.08171335714282,22.52254454181818,84.5,36.5,51.0,12.0,120.5,2.5,49,1.7,-0.108529
2016-07-01 09:30:00,22.769998,22.20099890000005,23.070999085714245,22.52123097463768,85.5,37.5,52.0,13.0,121.5,3.5,36,2.0,-0.7125
2016-07-02 09:30:00,,,,,,,,,,,11,0.5,0.64
2016-07-03 09:30:00,,,,,,,,,,,17,0.5,1.5
2016-07-04 09:30:00,,,,,,,,,,,17,0.0,-2.0
2016-07-05 09:30:00,22.519998,22.51874900000007,23.06176376470584,22.47677687037037,86.5,38.5,0.0,14.0,122.5,4.5,40,0.7143,-1.1685709999999998
2016-07-06 09:30:00,22.209999,22.571249000000076,23.042204955882312,22.472471413284136,87.5,39.5,1.0,15.0,123.5,5.5,28,0.5,-0.31375
2016-07-07 09:30:00,22.529998000000003,22.561248750000075,23.032204941176428,22.472636446886447,88.5,40.5,2.0,16.0,124.5,6.5,29,0.6667,-1.821667
2016-07-08 09:30:00,22.799998000000002,22.518748625000075,23.01544023529408,22.470181565693437,89.5,41.5,3.0,17.0,125.5,7.5,36,9.0,-0.9255559999999999
2016-07-09 09:30:00,,,,,,,,,,,11,3.0,-0.07333300000000001
2016-07-10 09:30:00,,,,,,,,,,,20,2.0,-0.49
2016-07-11 09:30:00,23.039998,22.596665222222285,23.00865577611936,22.44388797037037,90.5,42.5,4.0,18.0,126.5,8.5,32,7.0,-0.21285700000000002
2016-07-12 09:30:00,23.219998999999998,22.71199860000005,23.01014610294113,22.443209413284134,91.5,43.5,5.0,19.0,127.5,9.5,35,1.6667,-0.167667
2016-07-13 09:30:00,23.32,22.91699880000005,23.011910823529373,22.449706047619046,92.5,44.5,6.0,20.0,128.5,10.5,32,4.0,-0.7525
2016-07-14 09:30:00,23.8,23.13199910000005,23.011322602941128,22.45785364,0.0,45.5,7.0,21.0,129.5,11.5,60,4.0,0.8665
2016-07-15 09:30:00,23.649998999999998,23.323999300000054,23.005734352941126,22.460904894927534,1.0,46.5,8.0,22.0,130.5,12.5,29,0.8333,0.544667
2016-07-16 09:30:00,,,,,,,,,,,16,1.0,0.025
2016-07-17 09:30:00,,,,,,,,,,,24,0.0,1.133333
2016-07-18 09:30:00,23.529998000000003,23.43299920000005,22.989401999999963,22.432903511029416,2.0,47.5,9.0,23.0,131.5,13.5,27,5.0,0.402
2016-07-19 09:30:00,23.489998,23.514999300000053,23.005506260869524,22.435933161172166,3.0,48.5,10.0,24.0,132.5,14.5,26,3.0,-0.608333
2016-07-20 09:30:00,23.699999,23.57999910000005,23.01085615714281,22.444799094545466,4.0,49.5,11.0,25.0,133.5,15.5,41,2.5,0.5285
2016-07-21 09:30:00,23.619999,23.59299890000005,23.009999014285675,22.45339259566788,5.0,50.5,12.0,26.0,134.5,16.5,25,2.0,0.605
2016-07-22 09:30:00,23.56,23.580998800000053,23.003570442857104,22.4580566438849,6.0,51.5,13.0,27.0,135.5,17.5,13,1.5,1.33
2016-07-23 09:30:00,,,,,,,,,,,14,0.0,2.195
2016-07-24 09:30:00,,,,,,,,,,,14,0.0,2.1533330000000004
2016-07-25 09:30:00,23.639999,23.607999000000053,22.994926550724603,22.451020978102196,7.0,52.5,14.0,28.0,136.5,18.5,30,0.6667,0.813333
2016-07-26 09:30:00,23.57,23.618999100000053,23.00471332857139,22.45868521532847,8.0,53.5,15.0,29.0,137.5,19.5,22,1.6667,0.322667
2016-07-27 09:30:00,23.609999,23.613999100000054,23.003856185714245,22.468508170909097,9.0,54.5,16.0,30.0,138.5,20.5,22,1.0,-0.405
2016-07-28 09:30:00,23.58,23.608999200000053,23.004713314285674,22.476749985559568,10.0,55.5,17.0,31.0,139.5,21.5,28,1.3333,-0.655833
2016-07-29 09:30:00,23.6,23.628999300000054,23.007427628571385,22.48607822302159,11.0,56.5,18.0,32.0,140.5,22.5,22,3.0,-0.288333
2016-07-30 09:30:00,,,,,,,,,,,7,1.5,0.231667
2016-07-31 09:30:00,,,,,,,,,,,8,0.0,1.415
2016-08-01 09:30:00,23.669999,23.628999300000054,23.01521644927532,22.50284579562044,12.0,57.5,19.0,33.0,141.5,23.5,19,3.0,0.455
2016-08-02 09:30:00,23.519998,23.619999200000052,23.030427642857102,22.517553817518248,13.0,58.5,20.0,34.0,142.5,24.5,12,1.0,0.0
2016-08-03 09:30:00,23.389999,23.571999200000054,23.042856228571388,22.527889978181825,14.0,59.5,21.0,35.0,143.5,25.5,18,5.0,0.19
2016-08-04 09:30:00,23.609999,23.57399910000005,23.06942765714281,22.53577524187726,15.0,60.5,22.0,36.0,144.5,26.5,14,0.0,0.54
2016-08-05 09:30:00,23.82,23.58399920000005,23.100713414285675,22.544085096774197,16.0,61.5,23.0,37.0,145.5,27.5,52,4.25,0.532353
2016-08-06 09:30:00,,,,,,,,,,,12,0.0,2.047143
2016-08-07 09:30:00,,,,,,,,,,,25,1.0,0.99
2016-08-08 09:30:00,24.089999,23.662999300000052,23.146955666666628,22.57927443478261,17.0,62.5,24.0,38.0,146.5,28.5,36,4.5,-0.198889
2016-08-09 09:30:00,24.04,23.760999500000054,23.17514202857139,22.601086028985513,18.0,63.5,25.0,39.0,147.5,29.5,25,3.0,0.333333
2016-08-10 09:30:00,24.05,23.894999700000053,23.21157061428568,22.616388971119136,19.0,64.5,26.0,40.0,148.5,30.5,20,3.0,1.7766669999999998
2016-08-11 09:30:00,23.929999,23.95199970000005,23.24114201428568,22.625626318996414,20.0,65.5,27.0,41.0,149.5,31.5,20,2.0,-0.4
2016-08-12 09:30:00,23.769998,23.982999400000054,23.265856257142826,22.63949907142857,21.0,66.5,28.0,42.0,150.5,32.5,21,0.0,2.01
2016-08-13 09:30:00,,,,,,,,,,,2,0.0,0.0
2016-08-14 09:30:00,,,,,,,,,,,9,0.0,2.655
2016-08-15 09:30:00,23.949998,23.952999200000054,23.317390391304322,22.682571532608694,22.0,67.5,29.0,43.0,151.5,33.5,12,2.0,-0.28
2016-08-16 09:30:00,23.979998000000002,23.94399900000005,23.359284799999966,22.702825152173915,23.0,68.5,30.0,44.0,152.5,34.5,20,2.0,-0.26
2016-08-17 09:30:00,23.959998000000002,23.923998600000054,23.425427642857123,22.715450321299638,24.0,69.5,31.0,45.0,153.5,35.5,20,3.0,-0.19
2016-08-18 09:30:00,23.999998,23.946998600000054,23.480427642857123,22.724801924731192,25.0,70.5,32.0,46.0,154.5,36.5,17,6.0,-0.37666700000000003
2016-08-19 09:30:00,23.949998,23.973998700000053,23.52185619999998,22.737749053571434,26.0,71.5,33.0,47.0,155.5,37.5,9,0.0,-1.665
2016-08-20 09:30:00,,,,,,,,,,,7,0.0,1.3
2016-08-21 09:30:00,,,,,,,,,,,12,0.0,0.0
2016-08-22 09:30:00,23.969998,23.99099860000005,23.567245405797085,22.780614981884064,27.0,72.5,34.0,48.0,156.5,38.5,17,0.0,1.9
2016-08-23 09:30:00,24.099999,24.001998500000052,23.58098492957745,22.801013528985518,28.0,73.5,35.0,49.0,157.5,39.5,29,6.0,0.263333
2016-08-24 09:30:00,24.05,24.018998900000053,23.60861016666665,22.816677740072212,29.0,74.5,36.0,50.0,158.5,40.5,27,1.0,-0.105
2016-08-25 09:30:00,23.999998,24.01799890000005,23.65611016666665,22.825267856630834,30.0,75.5,37.0,51.0,159.5,41.5,36,5.0,0.054000000000000006
2016-08-26 09:30:00,24.149998999999998,24.043999000000053,23.70111019444443,22.842249039285733,31.0,76.5,38.0,52.0,160.5,42.5,36,0.0,1.512143
2016-08-27 09:30:00,,,,,,,,,,,9,0.0,1.4
2016-08-28 09:30:00,,,,,,,,,,,7,0.0,1.96
2016-08-29 09:30:00,24.169999,24.073999200000053,23.75422445070421,22.90836860144929,32.0,77.5,39.0,53.0,161.5,43.5,83,3.3333,-0.37716700000000003
2016-08-30 09:30:00,24.359999,24.130999400000054,23.780415791666652,22.9405787536232,33.0,78.5,40.0,54.0,162.5,44.5,101,6.6,-0.356485
2016-08-31 09:30:00,24.55,24.23099940000005,23.819582499999985,22.96100988086643,34.0,79.5,41.0,55.0,163.5,45.5,78,2.25,0.060139
2016-09-01 09:30:00,24.619999,24.34599950000005,23.854582486111102,22.97268722580646,35.0,80.5,42.0,56.0,164.5,46.5,48,1.125,0.18375
2016-09-02 09:30:00,24.489998,24.417999200000047,23.87972131944443,22.983379829181505,36.0,81.5,43.0,57.0,165.5,47.5,28,1.2,-0.149
2016-09-03 09:30:00,,,,,,,,,,,20,3.0,1.096667
2016-09-04 09:30:00,,,,,,,,,,,12,0.0,0.0
2016-09-05 09:30:00,,,,,,,,,,,15,0.0,1.91
2016-09-06 09:30:00,24.56,24.54374925000005,23.917284842857136,23.046049782608705,37.0,82.5,44.0,58.0,166.5,48.5,39,1.0,1.275
2016-09-07 09:30:00,24.439998000000003,24.52874900000005,23.944141985714282,23.06389797472925,38.0,83.5,45.0,59.0,167.5,49.5,25,1.0,0.9425
2016-09-08 09:30:00,24.52,24.511249125000056,23.96885629999999,23.07433598207886,39.0,84.5,46.0,60.0,168.5,50.5,29,1.75,0.20214300000000002
2016-09-09 09:30:00,24.359999,24.49999950000005,23.991570599999992,23.090606210714302,40.0,85.5,47.0,61.0,169.5,51.5,37,1.6667,-1.137333
2016-09-10 09:30:00,,,,,,,,,,,11,0.0,1.545
2016-09-11 09:30:00,,,,,,,,,,,11,0.0,-1.623333
2016-09-12 09:30:00,23.929999,24.377777333333388,24.008839768115934,23.14315124275363,41.0,86.5,48.0,62.0,170.5,52.5,40,0.0,1.594
2016-09-13 09:30:00,24.03,24.317999600000046,24.018713499999997,23.164383134057978,42.0,87.5,49.0,63.0,171.5,53.5,34,4.0,-0.14
2016-09-14 09:30:00,23.879998999999998,24.196999600000048,24.026713485714282,23.17620846570398,43.0,88.5,50.0,64.0,172.5,54.5,27,3.0,-0.956667
2016-09-15 09:30:00,23.769998,24.05199940000004,24.031427771428564,23.180644240143376,44.0,89.5,51.0,65.0,173.5,55.5,33,1.8,-0.745111
2016-09-16 09:30:00,23.749998,23.936999100000037,24.038427728571424,23.19217764642858,45.0,90.5,52.0,0.5,174.5,56.5,40,1.0,-0.018333000000000002
2016-09-17 09:30:00,,,,,,,,,,,16,0.3333,-0.54
2016-09-18 09:30:00,,,,,,,,,,,13,0.0,-1.23
2016-09-19 09:30:00,19.18,23.419999100000037,23.978984666666666,23.21231793478261,46.0,91.5,53.0,1.5,175.5,57.5,72,1.3333,-1.115417
2016-09-20 09:30:00,19.450001,22.461999100000046,23.851999185714284,23.191557076086955,47.0,92.5,54.0,2.5,176.5,0.5,46,2.0,-0.678333
2016-09-21 09:30:00,19.41,21.558999300000046,23.732284928571428,23.167219332129964,48.0,93.5,55.0,3.5,177.5,1.5,30,3.0,-0.777778
2016-09-22 09:30:00,19.540001,20.69799970000004,23.62085641428572,23.140859344086017,49.0,94.5,56.0,4.5,178.5,2.5,24,0.5,1.215
2016-09-23 09:30:00,19.41,19.81600010000004,23.50157072857143,23.118070560714283,50.0,95.5,57.0,5.5,179.5,3.5,32,1.6667,0.032
2016-09-24 09:30:00,,,,,,,,,,,9,1.0,-0.62
2016-09-25 09:30:00,,,,,,,,,,,9,0.0,1.43
2016-09-26 09:30:00,19.26,19.400000100000035,23.36724565217392,23.11391218840579,51.0,96.5,58.0,6.5,180.5,4.5,53,0.75,-0.390833
2016-09-27 09:30:00,19.0,19.331000100000036,23.233142157142858,23.092209293478252,52.0,97.5,59.0,7.5,181.5,5.5,29,1.6667,-0.334667
2016-09-28 09:30:00,19.299999,19.309999900000037,23.096427842857146,23.066713949458475,53.0,98.5,60.0,8.5,182.5,6.5,29,0.5,-0.31
2016-09-29 09:30:00,19.299999,19.272999500000036,22.960570671428574,23.03974825089605,54.0,99.5,61.0,9.5,0.5,7.5,90,1.2727,0.024350999999999998
2016-09-30 09:30:00,19.139999,19.201999500000035,22.82299927142858,23.01374915357142,55.0,100.5,62.0,10.5,1.5,8.5,42,0.75,-0.981667
2016-10-01 09:30:00,,,,,,,,,,,14,0.0,1.215
2016-10-02 09:30:00,,,,,,,,,,,16,2.0,0.5
2016-10-03 09:30:00,19.24,19.191999500000037,22.675216695652185,23.001013652173906,56.0,101.5,63.0,11.5,2.5,9.5,38,1.5,1.04
2016-10-04 09:30:00,19.26,19.23199940000004,22.55871361428572,22.976267275362314,57.0,102.5,64.0,12.5,3.5,10.5,44,1.2,-0.4
2016-10-05 09:30:00,19.370001000000002,19.24599980000004,22.42528510000001,22.95082949819495,58.0,103.5,65.0,13.5,4.5,11.5,51,19.0,-0.107368
2016-10-06 09:30:00,19.65,19.310000000000038,22.301428014285715,22.92698842652329,59.0,104.5,66.0,14.5,5.5,12.5,32,2.0,0.78
2016-10-07 09:30:00,19.549999,19.409999800000048,22.17485658571429,22.904106321428564,60.0,105.5,67.0,15.5,6.5,13.5,34,0.0,1.7222220000000001
2016-10-08 09:30:00,,,,,,,,,,,11,0.0,1.566667
2016-10-09 09:30:00,,,,,,,,,,,13,0.0,2.023333
2016-10-10 09:30:00,19.719998999999998,19.48999990000004,22.023187898550734,22.88902092391304,61.0,106.5,68.0,16.5,7.5,14.5,35,4.5,0.940556
2016-10-11 09:30:00,19.66,19.580999900000037,21.92871380000001,22.868013631768946,62.0,107.5,69.0,17.5,8.5,15.5,27,3.0,-0.041667
2016-10-12 09:30:00,19.52,19.620999800000046,21.799428142857156,22.84408522222222,63.0,108.5,70.0,18.5,9.5,16.5,37,4.0,1.4825
2016-10-13 09:30:00,19.360001,19.583999900000048,21.667856728571444,22.819856861209963,64.0,109.5,71.0,19.5,10.5,17.5,48,1.1429,0.345893
2016-10-14 09:30:00,19.559998999999998,19.55500000000004,21.537285314285725,22.797623322695035,65.0,110.5,72.0,20.5,11.5,18.5,47,2.25,0.5977779999999999
2016-10-15 09:30:00,,,,,,,,,,,12,0.0,1.73
2016-10-16 09:30:00,,,,,,,,,,,13,2.0,-0.01
2016-10-17 09:30:00,19.43,19.506000000000046,21.364057594202908,22.780970449640282,66.0,111.5,73.0,21.5,12.5,19.5,28,9.0,-0.17444400000000002
2016-10-18 09:30:00,19.530001000000002,19.45400020000004,21.26871394285716,22.759279809352517,67.0,112.5,74.0,22.5,13.5,20.5,36,2.0,0.688333
2016-10-19 09:30:00,19.549999,19.452000000000048,21.130999657142876,22.736271637992825,68.0,113.5,75.0,23.5,14.5,21.5,42,3.3333,-0.161
2016-10-20 09:30:00,19.639999,19.493999800000037,20.991142500000016,22.71430528825622,69.0,114.5,76.0,24.5,15.5,22.5,29,2.5,1.3
2016-10-21 09:30:00,19.5,19.52099990000004,20.847999657142875,22.69219782624113,70.0,115.5,77.0,25.5,16.5,23.5,30,2.0,1.121667
2016-10-22 09:30:00,,,,,,,,,,,7,0.0,2.41
2016-10-23 09:30:00,,,,,,,,,,,17,0.0,2.04
2016-10-24 09:30:00,19.74,19.574999900000048,20.65550697101451,22.67805680215826,71.0,116.5,78.0,26.5,17.5,24.5,35,2.0,-0.595
2016-10-25 09:30:00,19.75,19.634999700000048,20.62943633802818,22.66140212589927,72.0,117.5,79.0,27.5,18.5,25.5,32,4.0,-0.605
2016-10-26 09:30:00,19.6,19.659999900000038,20.547499736111128,22.64197058781361,73.0,118.5,80.0,28.5,19.5,26.5,36,1.0,0.675
2016-10-27 09:30:00,19.92,19.702999900000048,20.419166416666684,22.62220566903913,74.0,119.5,81.0,29.5,20.5,27.5,39,14.0,1.652857
2016-10-28 09:30:00,19.9,19.763000000000048,20.290277541666686,22.60443189361701,75.0,120.5,82.0,30.5,21.5,28.5,27,1.5,-0.003333
2016-10-29 09:30:00,,,,,,,,,,,11,0.0,2.066667
2016-10-30 09:30:00,,,,,,,,,,,11,2.0,-1.25
2016-10-31 09:30:00,19.870001000000002,19.788000100000048,20.10760542253523,22.586186327338122,76.0,121.5,83.0,31.5,22.5,29.5,20,0.0,-1.735
2016-11-01 09:30:00,19.809998999999998,19.797000100000048,20.045277569444465,22.5629129532374,77.0,122.5,84.0,32.5,23.5,30.5,16,6.0,-0.655
2016-11-02 09:30:00,19.620001000000002,19.796000100000047,19.919444250000023,22.540751982078838,78.0,123.5,85.0,33.5,24.5,31.5,28,1.3333,-0.991667
2016-11-03 09:30:00,19.549999,19.731000200000047,19.798888722222248,22.51939431672597,79.0,124.5,86.0,34.5,25.5,32.5,24,1.25,-0.228
2016-11-04 09:30:00,19.559998999999998,19.66599990000005,19.681110944444477,22.49741064893616,80.0,125.5,87.0,35.5,26.5,33.5,19,3.0,-0.06666699999999999
2016-11-05 09:30:00,,,,,,,,,,,7,0.0,-2.405
2016-11-06 09:30:00,,,,,,,,,,,14,1.0,-0.4
2016-11-07 09:30:00,19.82,19.632999800000047,19.50732384507045,22.458956136690635,0.5,126.5,88.0,36.5,27.5,34.5,30,0.0,2.5610000000000004
2016-11-08 09:30:00,19.92,19.667999900000037,19.524166569444468,22.434567647481998,1.5,127.5,89.0,37.5,28.5,35.5,36,4.5,1.4661110000000002
2016-11-09 09:30:00,20.540001,19.792999900000037,19.54874991666669,22.415017229390664,2.5,128.5,90.0,38.5,29.5,36.5,110,4.4286,-0.48566800000000004
2016-11-10 09:30:00,21.16,20.08499990000004,19.594166583333358,22.40494593238433,3.5,129.5,91.0,39.5,30.5,37.5,163,3.5714,-0.17568599999999998
2016-11-11 09:30:00,21.469998999999998,20.482000100000047,19.651111000000032,22.395105702127644,4.5,130.5,92.0,40.5,31.5,38.5,98,1.3636,0.27618200000000004
2016-11-12 09:30:00,,,,,,,,,,,28,0.0,1.81875
2016-11-13 09:30:00,,,,,,,,,,,41,2.0,0.578333
