date,Price,7,50,200,750g,50200g,7200g,750d,50200d,7200d,total_scanned_messages,bull_bear_msg_ratio,bull_minus_bear,Aroon Oscillator [25],CMF [20],"MACD (12,26,9) - DIVERGENCE","MACD (12,26,9) - MACD","MACD (12,26,9) - SIGNAL",Williams %R [14]
2015-09-20 09:30:00,,,,,,,,,,,4,0.0,0.0,,,,,,
2015-09-21 09:30:00,71.400002,71.28100070000015,72.61594189855086,73.87210124275359,35.0,939.0,229.5,27.0,8.5,18.5,17,0.25,0.18,-16.0,0.04236532725026112,0.264796862395,-0.7174109676360001,-0.9822078300309999,-64.76377952755921
2015-09-22 09:30:00,69.010002,71.06200040000016,72.46871422857156,73.84905778985504,36.0,940.0,230.5,28.0,9.5,19.5,19,2.0,0.89,-16.0,0.04134134419283377,0.17152270352,-0.767804450631,-0.939327154151,-73.22834645669292
2015-09-23 09:30:00,69.599998,70.68900080000016,72.26442845714298,73.82696731046929,37.0,941.0,231.5,29.0,10.5,20.5,11,4.0,-0.06,-12.0,0.08654150028468477,0.10816519410700001,-0.804120661517,-0.912285855624,-74.60629921259856
2015-09-24 09:30:00,68.900002,70.20900050000014,72.0489999714287,73.79369156989245,38.0,942.0,232.5,30.0,11.5,21.5,16,0.75,-0.68,-8.0,0.02633019906948343,0.0257903311314,-0.88004794171,-0.9058382728409999,-85.33879501621438
2015-09-25 09:30:00,69.309998,69.68700110000015,71.81671434285727,73.76742839642854,39.0,943.0,233.5,31.0,12.5,22.5,33,0.88,-0.5,-4.0,-0.08913441046888845,-0.138911462243,-1.07947760064,-0.9405661384020001,-92.26319595083156
2015-09-26 09:30:00,,,,,,,,,,,3,1.0,0.72,,,,,,
2015-09-27 09:30:00,,,,,,,,,,,17,0.33,-1.23,,,,,,
2015-09-28 09:30:00,66.459999,68.79000010000016,71.51173917391317,73.76927517028982,40.0,944.0,234.5,32.0,13.5,23.5,40,0.5,-0.11,68.0,-0.18629076817663068,-0.391574174477,-1.4300338565000001,-1.03845968202,-94.12381951731363
2015-09-29 09:30:00,64.459999,67.76699980000015,71.24985718571442,73.71474620289851,41.0,945.0,235.5,33.0,14.5,24.5,36,0.83,0.02,-28.0,-0.16036768893127054,-0.482291441995,-1.64132398451,-1.15903254252,-87.93284365162647
2015-09-30 09:30:00,65.839996,66.92499920000016,70.9554284857144,73.66129944765338,42.0,946.0,236.5,34.0,15.5,25.5,15,2.0,-1.26,-28.0,-0.08463711573845335,-0.417148228847,-1.6804678285799999,-1.26331959973,-73.76705141657919
2015-10-01 09:30:00,66.389999,66.34999910000016,70.70699991428583,73.60860196774189,43.0,947.0,237.5,35.0,16.5,26.5,25,2.0,0.5,-28.0,-0.06966329450384454,-0.300174847016,-1.6385381584999998,-1.33836331149,-66.73662119622239
2015-10-02 09:30:00,66.029999,65.83599920000016,70.4525713857144,73.56178553571422,44.0,948.0,238.5,36.0,17.5,27.5,21,0.6,0.1,-27.999999999999996,0.014723268659378409,-0.110214380394,-1.4761312869799998,-1.3659169065799999,-52.15110178384045
2015-10-03 09:30:00,,,,,,,,,,,7,1.0,1.84,,,,,,
2015-10-04 09:30:00,,,,,,,,,,,3,0.0,1.85,,,,,,
2015-10-05 09:30:00,68.879997,66.21899940000016,70.19333334782621,73.52692010144924,45.0,949.0,239.5,37.0,18.5,28.5,14,2.0,-0.12,-28.0,0.022235714799307263,0.03856676307430001,-1.3177084527399998,-1.3562752158200002,-50.26232948583424
2015-10-06 09:30:00,68.25,67.01599950000016,70.07042864285727,73.47891285144925,46.0,950.0,240.5,38.0,19.5,29.5,30,0.3,-0.88,-28.0,-0.01841244764489748,0.0394166314875,-1.30700442646,-1.34642105794,-67.15634837355718
2015-10-07 09:30:00,67.349998,67.36500010000016,69.8134286714287,73.42776153068591,47.0,951.0,241.5,39.0,20.5,30.5,18,0.67,0.7,-28.0,0.042579326989110065,0.11844299165,-1.19836731838,-1.31681031003,-47.12990936555885
2015-10-08 09:30:00,67.540001,67.65000000000015,69.58228580000012,73.3869532078853,48.0,952.0,242.5,40.0,21.5,31.5,16,0.0,1.76,-28.0,0.0686112474606151,0.186534846867,-1.0836417514499999,-1.27017659831,-43.877551020408156
2015-10-09 09:30:00,68.239998,67.99399940000015,69.37499994285727,73.34521407857142,49.0,953.0,243.5,41.0,22.5,32.5,16,3.0,0.48,-28.0,0.06022098721934922,0.250798471027,-0.9566785095299999,-1.20747698056,-26.29107981220665
2015-10-10 09:30:00,,,,,,,,,,,7,0.0,2.32,,,,,,
2015-10-11 09:30:00,,,,,,,,,,,1,0.0,0.0,,,,,,
2015-10-12 09:30:00,68.139999,67.93499970000016,69.1875362028987,73.29894905797102,50.0,954.0,244.5,42.0,23.5,33.5,7,0.5,0.46,-28.0,0.07101235933258056,0.300425912013,-0.8319445905410001,-1.13237050255,-23.47417840375584
2015-10-13 09:30:00,68.309998,67.95599970000015,69.19257142857157,73.26884037318841,51.0,955.0,245.5,43.0,24.5,34.5,21,0.6,-0.44,-28.000000000000004,0.02485106630726492,0.27122302268000004,-0.793341724204,-1.06456474688,-30.396034473825086
2015-10-14 09:30:00,68.120003,68.12300030000014,69.14157142857155,73.23119114440432,52.0,956.0,246.5,44.0,25.5,35.5,13,0.5,-0.57,-28.0,-0.02362455909567998,0.24011039566999998,-0.764426752297,-1.00453714797,-32.64132368434702
2015-10-15 09:30:00,67.260002,68.06500010000015,69.10000005714299,73.18971306810035,53.0,957.0,247.5,45.0,26.5,36.5,16,4.0,-0.27,-28.0,0.02775923295632169,0.3135454659,-0.6126053155910001,-0.926150781491,-0.9157509157508636
2015-10-16 09:30:00,69.330002,68.27500070000015,69.04128575714299,73.15989267857141,54.0,958.0,248.5,46.0,27.5,37.5,16,0.0,2.23,-28.0,0.09179368990884397,0.39114706527099996,-0.437216949903,-0.8283640151739999,-1.7286084701814066
2015-10-17 09:30:00,,,,,,,,,,,3,0.0,0.0,,,,,,
2015-10-18 09:30:00,,,,,,,,,,,9,0.0,2.35,,,,,,
2015-10-19 09:30:00,69.529999,68.54600070000014,68.93217397101463,73.14547087681157,55.0,959.0,249.5,47.0,28.5,38.5,16,3.0,-1.37,-28.0,0.14166896024561826,0.442788121422,-0.27487886339699996,-0.7176669848180001,-3.941581611484472
2015-10-20 09:30:00,69.790001,68.83300090000014,68.92342862857159,73.126209267148,56.0,960.0,250.5,48.0,29.5,39.5,9,1.0,-0.88,-28.0,0.0806086541919485,0.388287452677,-0.232307668973,-0.620595121649,-28.794642857142968
2015-10-21 09:30:00,69.300003,69.06600110000014,68.91028591428588,73.09738341935483,0.5,961.0,251.5,49.0,30.5,40.5,25,1.2,-0.45,-28.0,0.07728660751874185,0.299863715173,-0.245765477683,-0.545629192856,-42.63392857142845
2015-10-22 09:30:00,68.389999,69.24500120000013,68.88542880000016,73.06352303914589,1.5,962.0,252.5,50.0,31.5,41.5,33,0.25,-1.68,-24.000000000000004,0.07372213782631598,0.20753123314199998,-0.286215151429,-0.49374638457099995,-54.07925407925417
2015-10-23 09:30:00,68.580002,69.04400100000012,68.82771450000016,73.0344680035461,2.5,963.0,253.5,51.0,32.5,42.5,13,2.0,-0.46,-20.0,0.14107471392015344,0.235816896087,-0.198975264461,-0.434792160549,-20.279720279720358
2015-10-24 09:30:00,,,,,,,,,,,4,0.0,2.54,,,,,,
2015-10-25 09:30:00,,,,,,,,,,,7,0.0,0.0,,,,,,
2015-10-26 09:30:00,69.160004,68.96400150000014,68.83637710144943,73.01924456834531,3.5,964.0,254.5,52.0,33.5,43.5,15,2.0,0.15,60.0,0.2531150480434303,0.26237857664,-0.106818939749,-0.36919751638899995,-16.34877384196208
2015-10-27 09:30:00,69.790001,68.92300110000014,68.86056364788747,72.99212226258993,4.5,965.0,255.5,53.0,34.5,44.5,27,8.0,-0.32,84.0,0.3245901379766793,0.350325117847,0.0687088809197,-0.281616236927,-0.0
2015-10-28 09:30:00,70.769997,69.26699980000014,68.90013904166682,72.97275980286739,5.5,966.0,256.5,54.0,35.5,45.5,20,4.0,-1.22,88.0,0.33168642346014604,0.427303547634,0.252513197616,-0.17479035001899998,-0.7821229050278578
2015-10-29 09:30:00,71.879997,69.93399960000013,68.9186112916668,72.96352307117438,6.5,967.0,257.5,55.0,36.5,46.5,24,0.0,1.47,92.0,0.2571257703603467,0.475167360731,0.419168850895,-0.055998509836,-20.268006700167405
2015-10-30 09:30:00,72.010002,70.66800000000013,68.98458351388904,72.95191484042553,7.5,968.0,258.5,56.0,37.5,47.5,15,5.0,0.22,92.0,0.1798170604645228,0.452050992284,0.509065230519,0.0570142382351,-27.80569514237851
2015-10-31 09:30:00,,,,,,,,,,,4,0.0,-2.52,,,,,,
2015-11-01 09:30:00,,,,,,,,,,,7,0.0,0.63,,,,,,
2015-11-02 09:30:00,71.75,71.12799900000013,69.00394384507055,72.92136681294963,8.5,969.0,259.5,57.0,38.5,48.5,17,8.0,0.57,88.0,0.216252967328044,0.510347901462,0.694949115062,0.18460121359999998,-2.345058626465672
2015-11-03 09:30:00,72.669998,71.74199900000013,69.08555569444458,72.91467616546763,9.5,970.0,260.5,58.0,39.5,49.5,14,6.0,-1.04,84.0,0.25522247609183085,0.501858427811,0.811924248365,0.310065820553,-6.700167504187701
2015-11-04 09:30:00,72.860001,72.12299950000013,69.14513893055567,72.91200706810037,10.5,971.0,261.5,59.0,40.5,50.5,7,0.0,3.33,76.0,0.2178884461627151,0.446980678807,0.8687916690620001,0.421810990255,-12.060301507537673
2015-11-05 09:30:00,72.330002,72.24899980000013,69.16930568055568,72.9076867366548,11.5,972.0,262.5,60.0,41.5,51.5,12,1.5,0.11,76.0,0.19225777395155266,0.370629270146,0.8850975779379999,0.5144683077910001,-15.912897822445615
2015-11-06 09:30:00,71.610001,72.23499990000013,69.17611120833345,72.89737579078015,12.5,973.0,263.5,61.0,42.5,52.5,9,0.0,1.96,68.0,0.21145809548607397,0.279509079089,0.863854656653,0.584345577564,-20.938023450586268
2015-11-07 09:30:00,,,,,,,,,,,3,0.0,-3.0,,,,,,
2015-11-08 09:30:00,,,,,,,,,,,3,0.0,2.56,,,,,,
2015-11-09 09:30:00,71.620003,72.26300060000014,69.15281707042264,72.86100710791365,13.5,974.0,264.5,62.0,43.5,53.5,11,1.0,0.18,68.0,0.1955771171525102,0.167317298645,0.7934922008699999,0.6261749022249999,-30.15075376884418
2015-11-10 09:30:00,71.220001,71.95200050000014,69.17875011111121,72.83694235251798,14.5,975.0,265.5,63.0,44.5,54.5,17,5.0,0.33,64.0,0.2565561828073461,0.11315037648,0.767612872825,0.654462496345,-22.11055276381899
2015-11-11 09:30:00,71.949997,71.76900030000013,69.24333336111121,72.82405007885303,15.5,976.0,266.5,64.0,45.5,55.5,8,0.0,1.83,60.0,0.2774531895188201,0.0219909183834,0.6819511443240001,0.659960225941,-43.19148936170214
2015-11-12 09:30:00,70.779999,71.48300020000013,69.2795833750001,72.81017783629892,16.5,977.0,267.5,65.0,46.5,56.5,9,0.33,-0.73,20.0,0.19273958778655395,-0.12081132207900001,0.508946073342,0.629757395421,-80.09828009828037
2015-11-13 09:30:00,69.599998,71.05099940000012,69.2930555000001,72.78166655319149,17.5,978.0,268.5,66.0,47.5,57.5,19,3.0,-0.14,20.000000000000007,0.11646737866368845,-0.22057425154100002,0.354039580995,0.5746138325360001,-97.44318181818213
2015-11-14 09:30:00,,,,,,,,,,,5,0.0,0.0,,,,,,
2015-11-15 09:30:00,,,,,,,,,,,2,0.0,0.0,,,,,,
2015-11-16 09:30:00,69.419998,70.61299890000012,69.33999995774658,72.75428044244605,18.5,979.0,269.5,67.0,48.5,58.5,6,0.0,2.1,20.0,0.12525154672494815,-0.221258133356,0.29804116584,0.519299299197,-71.30919220055709
2015-11-17 09:30:00,70.580002,70.47299950000013,69.41250002777788,72.74388478776979,19.5,980.0,270.5,68.0,49.5,59.5,21,3.33,0.82,20.0,0.1539115574775908,-0.19567711370700003,0.274702907063,0.47038002077,-62.9526462395544
2015-11-18 09:30:00,70.779999,70.26199950000013,69.58986109722234,72.72989235842294,20.5,981.0,271.5,69.0,50.5,60.5,8,4.0,0.17,20.0,0.20779166332015925,-0.08560569732930001,0.363372899108,0.448978596438,-22.571428571428342
2015-11-19 09:30:00,71.660004,70.46500020000012,69.77125018055568,72.72391450177936,21.5,982.0,272.5,70.0,51.5,61.5,21,0.6,-1.14,20.0,0.17338973564664675,-0.09344009925130001,0.332178472373,0.425618571625,-57.14285714285714
2015-11-20 09:30:00,71.279999,70.75000090000012,69.90416686111125,72.71152474822695,22.5,983.0,273.5,71.0,52.5,62.5,8,3.0,-1.07,20.0,0.1319015742951962,-0.058403774538599997,0.352613853452,0.41101762799,-39.19308357348703
2015-11-21 09:30:00,,,,,,,,,,,4,0.0,-2.0,,,,,,
2015-11-22 09:30:00,,,,,,,,,,,12,4.0,-0.24,,,,,,
2015-11-23 09:30:00,71.379997,71.1410005000001,70.06732402816914,72.7086689676259,23.5,984.0,274.5,72.0,53.5,63.5,12,3.0,-0.74,20.0,0.11037269646320363,-0.0486164113512,0.350247113801,0.39886352515199996,-44.380403458213046
2015-11-24 09:30:00,70.900002,71.2629999000001,70.1130556527779,72.69766178057554,24.5,985.0,275.5,73.0,54.5,64.5,9,0.0,1.35,20.000000000000004,0.041659902527072586,-0.029529805682900003,0.36195126804899996,0.391481073732,-26.87074829931948
2015-11-25 09:30:00,71.75,71.44200000000009,70.20458338888902,72.68749095340502,25.5,986.0,276.5,74.0,55.5,65.5,11,0.0,0.0,20.0,-0.017550762847049674,0.005301140857439999,0.39810749980300003,0.39280635894599997,-8.96057347670249
2015-11-26 09:30:00,,,,,,,,,,,2,0.0,0.0,,,,,,
2015-11-27 09:30:00,72.139999,71.56749825000013,70.41628571428583,72.67924990357143,26.5,987.0,277.5,75.0,56.5,66.5,3,0.0,0.0,16.0,0.04604245762636732,0.032207941138,0.43306628536799996,0.40085834423,-4.626334519572788
2015-11-28 09:30:00,,,,,,,,,,,2,0.0,0.0,,,,,,
2015-11-29 09:30:00,,,,,,,,,,,3,0.0,2.0,,,,,,
2015-11-30 09:30:00,72.199997,71.74124812500014,70.55971008695663,72.66362309420289,27.5,988.0,278.5,76.0,57.5,67.5,8,0.0,1.4,12.0,0.06349887295681281,-0.0188116507616,0.37734378077799996,0.39615543154,-39.501779359430564
2015-12-01 09:30:00,71.480003,71.78499887500014,70.61528572857154,72.64275354710144,28.5,989.0,279.5,77.0,58.5,68.5,18,0.0,1.93,-48.0,0.027162250810297103,0.0231659183984,0.425112829538,0.40194691114,-2.0270270270270982
2015-12-02 09:30:00,72.389999,71.95874875000014,70.72628567142867,72.6348013501805,29.5,990.0,280.5,78.0,59.5,69.5,12,0.0,1.95,-48.00000000000001,-0.02949032949276944,0.00566900159225,0.40903316313,0.40336416153800003,-28.403939346568734
2015-12-03 09:30:00,71.760002,71.90888800000012,70.8345713000001,72.62831531541218,30.5,991.0,281.5,79.0,60.5,70.5,9,0.33,-0.37,-48.0,-0.06488248402700296,-0.10946603158,0.266531622062,0.375997653643,-77.48944817883392
2015-12-04 09:30:00,70.440002,71.56099920000011,70.91571415714296,72.605928475,31.5,992.0,282.5,80.0,61.5,71.5,11,1.5,-0.92,-40.0,-0.0192960484291671,-0.0740208031147,0.283471649749,0.357492452864,-25.90276692199477
2015-12-05 09:30:00,,,,,,,,,,,5,0.0,0.0,,,,,,
2015-12-06 09:30:00,,,,,,,,,,,3,0.0,0.0,,,,,,
2015-12-07 09:30:00,71.629997,71.4729995000001,71.00405773913054,72.54731872101448,32.5,993.0,283.5,81.0,62.5,72.5,8,1.0,2.16,-40.0,-0.08096969377562513,-0.0767103837682,0.261604473154,0.338314856922,-44.055944055944245
2015-12-08 09:30:00,70.839996,71.4359984000001,71.02814254285725,72.5184418731884,33.5,994.0,284.5,82.0,63.5,73.5,11,0.5,-0.17,-32.0,-0.0626602886150168,-0.0672484015021,0.254254355044,0.32150275654599997,-38.31809216424585
2015-12-09 09:30:00,71.209999,71.24099870000012,71.07028535714296,72.50129947292417,34.5,995.0,285.5,83.0,64.5,74.5,7,0.5,-0.7,-32.0,-0.13684872264841094,-0.10667233920800001,0.188162332536,0.294834671744,-64.1384256768874
2015-12-10 09:30:00,70.82,71.05899880000011,71.11928525714295,72.48924714695339,35.5,996.0,286.5,0.0,65.5,75.5,14,0.0,0.78,44.0,-0.0829064294309964,-0.09465514890450001,0.176515735614,0.271170884518,-45.131791285637654
2015-12-11 09:30:00,70.589996,71.19599830000011,71.1944280285715,72.47843397864767,0.5,997.0,287.5,1.0,66.5,76.5,9,0.0,2.2,44.0,-0.08264022842733408,-0.151641787719,0.08161864986980001,0.233260437589,-82.7864443249058
2015-12-12 09:30:00,,,,,,,,,,,3,0.0,0.0,,,,,,
2015-12-13 09:30:00,,,,,,,,,,,2,0.0,0.0,,,,,,
2015-12-14 09:30:00,70.57,70.9419990000001,71.28536179710153,72.4234170683453,1.5,998.0,288.5,0.5,67.5,77.5,12,0.0,-2.21,44.0,0.06668636629044042,-0.152181061352,0.043034110898,0.19521517225,-62.90624468266115
2015-12-15 09:30:00,71.529999,70.9489998000001,71.3117137285715,72.39517966546761,2.5,999.0,289.5,1.5,68.5,78.5,12,0.0,1.54,44.0,0.0112749363124517,-0.0876089736651,0.0857039551691,0.173312928834,-31.597753956099986
2015-12-16 09:30:00,72.279999,71.06999970000008,71.37699944285723,72.38308223655912,3.5,1000.0,290.5,2.5,69.5,79.5,18,1.33,1.8,84.0,0.06682477721437785,0.0152265335555,0.192346095779,0.17711956222300002,-3.606557377049165
2015-12-17 09:30:00,72.809998,71.44799960000009,71.43085665714294,72.38540904982204,0.0,1001.0,291.5,3.5,70.5,80.5,13,4.0,-0.9,88.0,-0.029258786099068963,0.0274910941594,0.21148342992199998,0.18399233576299998,-31.210191082802673
2015-12-18 09:30:00,71.339996,71.5710000000001,71.42828522857151,72.36914871631203,1.0,1002.0,292.5,4.5,71.5,81.5,10,1.0,1.67,88.0,-0.051626518463835064,-0.0534559379606,0.117172413312,0.17062835127300002,-73.88535031847155
2015-12-19 09:30:00,,,,,,,,,,,3,0.0,1.49,,,,,,
2015-12-20 09:30:00,,,,,,,,,,,13,1.0,1.06,,,,,,
2015-12-21 09:30:00,70.910004,71.62399990000009,71.39478215942037,72.3021940359712,2.0,1003.0,293.5,5.5,72.5,82.5,12,3.0,0.31,88.0,-0.014802766937982772,-0.0621020021543,0.09300084857989999,0.15510285073400001,-53.50318471337601
2015-12-22 09:30:00,71.379997,71.64599920000009,71.38571375714294,72.28014365467624,3.0,1004.0,294.5,6.5,73.5,83.5,8,0.0,1.1,12.0,0.0262827844205086,-0.0350472625683,0.111293772524,0.146341035092,-38.21656050955423
2015-12-23 09:30:00,72.059998,71.6169992000001,71.35914232857151,72.26956967383511,4.0,1005.0,295.5,7.5,74.5,84.5,17,4.0,2.28,12.0,0.014996023729976347,0.0315527973401,0.185782031767,0.154229234427,-13.694267515923778
2015-12-24 09:30:00,72.139999,71.5269989000001,71.3457137142858,72.26950154804268,5.0,1006.0,296.5,8.5,75.5,85.5,12,1.0,0.84,12.0,0.005806102150390839,0.07470353283480001,0.247608650471,0.172905117636,-11.464968152866224
2015-12-26 09:30:00,,,,,,,,,,,1,0.0,0.0,,,,,,
2015-12-27 09:30:00,,,,,,,,,,,1,0.0,0.0,,,,,,
2015-12-28 09:30:00,72.239998,71.92374800000009,71.32641716417918,72.21561567391302,6.0,1007.0,297.5,9.5,76.5,86.5,15,0.0,1.41,12.0,0.004239131944299658,0.0745591465905,0.266104050874,0.191544904283,-22.29299363057333
2015-12-29 09:30:00,72.589996,72.1974983750001,71.3522050588236,72.19507217391302,7.0,1008.0,0.0,10.5,77.5,87.5,16,0.0,2.02,40.0,0.06113505851601801,0.124973400252,0.347761654599,0.222788254347,-4.871060171919827
2015-12-30 09:30:00,72.910004,72.4762487500001,71.40338158823538,72.19241848375451,8.0,1009.0,1.0,11.5,78.5,88.5,15,4.0,1.61,39.99999999999999,-0.008565105629306497,0.12820617183900002,0.383045969146,0.254839797306,-13.753581661890845
2015-12-31 09:30:00,72.419998,72.54874900000009,71.42499925000008,72.19498178494624,9.0,1010.0,2.0,12.5,79.5,89.5,12,0.5,2.33,40.0,-0.0034014206484039434,0.0797068237934,0.354473327048,0.274766503255,-32.37822349570193
2016-01-01 09:30:00,,,,,,,,,,,2,0.0,0.0,,,,,,
2016-01-02 09:30:00,,,,,,,,,,,1,0.0,0.0,,,,,,
2016-01-03 09:30:00,,,,,,,,,,,7,0.0,0.0,,,,,,
2016-01-04 09:30:00,70.769997,72.31249912500009,71.52369152307703,72.12499969708027,10.0,1011.0,3.0,13.5,80.5,90.5,15,1.5,-0.82,40.0,0.07754563523020601,-0.0403379481106,0.224344068116,0.264682016227,-69.62750716332367
2016-01-05 09:30:00,70.93,71.93249987500009,71.53454475757586,72.08773695255474,11.0,1012.0,4.0,14.5,81.5,0.0,22,3.0,-0.79,40.0,0.01993541238939503,-0.09418015331160001,0.146956824588,0.24113697789900002,-66.34920634920664
2016-01-06 09:30:00,70.059998,71.3362493750001,71.53621133333343,72.06349063272727,12.0,1013.0,5.0,0.0,82.5,1.0,13,0.0,-1.78,40.0,0.028765953411302406,-0.162202969986,0.0383832654171,0.200586235403,-84.4936708860761
2016-01-07 09:30:00,69.129997,70.65124900000009,71.50742342424252,72.04721992418773,13.0,1014.0,6.0,1.0,83.5,2.0,7,0.0,-2.36,-24.0,-0.03941322183447032,-0.28942337162,-0.161192979123,0.128230392498,-95.57109557109564
2016-01-08 09:30:00,69.470001,70.18999911111119,71.42787784848493,72.01201410431655,14.0,1015.0,7.0,2.0,84.5,3.0,14,0.0,0.0,-28.0,-0.057637954719813964,-0.421530025688,-0.39868213961300003,0.0228478860755,-97.71863117870741
2016-01-09 09:30:00,,,,,,,,,,,1,0.0,0.0,,,,,,
2016-01-10 09:30:00,,,,,,,,,,,6,0.0,0.0,,,,,,
2016-01-11 09:30:00,68.32,69.72799920000007,71.33646053846161,71.89266391970801,15.0,1016.0,8.0,3.0,85.5,4.0,13,0.0,-1.58,-32.0,-0.06708188345505711,-0.5341352241430001,-0.644821144104,-0.11068591995999999,-86.23188405797116
2016-01-12 09:30:00,67.75,69.05799880000006,71.218938439394,71.82934275912407,16.0,1017.0,9.0,4.0,86.5,5.0,21,1.5,-0.23,-32.0,0.0014589317102864589,-0.520821436656,-0.761712715781,-0.240891279124,-73.76811594202913
2016-01-12 09:30:00,67.75,69.05799880000006,71.218938439394,71.82934275912407,16.0,1017.0,9.0,4.0,86.5,5.0,21,1.5,-0.221667,-32.0,0.0014589317102864589,-0.520821436656,-0.761712715781,-0.240891279124,-73.76811594202913
2016-01-13 09:30:00,68.199997,68.57199870000007,71.12848387878793,71.78734514545452,17.0,1018.0,10.0,5.0,87.5,6.0,9,1.0,-2.39,-40.0,-0.13028733835322992,-0.611889813366,-1.00575354583,-0.39386373246600004,-99.02506963788309
2016-01-14 09:30:00,66.220001,67.83699960000007,70.9612112424243,71.7465340036101,18.0,1019.0,11.0,6.0,88.5,7.0,26,11.0,0.163636,-43.99999999999999,-0.07132438469955038,-0.520345387059,-1.04429546629,-0.523950079231,-72.6530612244899
2016-01-15 09:30:00,66.099998,67.37599950000008,70.82701407462692,71.69920832733813,19.0,1020.0,12.0,7.0,89.5,8.0,11,1.0,-1.87,-44.0,-0.0852537591381559,-0.49153977690899997,-1.13837480037,-0.6468350234579999,-85.57823129251696
2016-01-16 09:30:00,,,,,,,,,,,15,0.0,1.8683330000000002,,,,,,
2016-01-17 09:30:00,,,,,,,,,,,8,2.0,1.445,,,,,,
2016-01-18 09:30:00,,,,,,,,,,,20,4.0,0.7725,,,,,,
2016-01-19 09:30:00,67.599998,67.1162500000001,70.65833260606065,71.58553083150183,20.0,1021.0,13.0,8.0,90.5,9.0,17,0.0,1.902,-44.0,-0.05408899043373192,-0.442458756386,-1.19990846894,-0.7574497125540001,-85.71428571428574
2016-01-20 09:30:00,65.68,66.65000050000009,70.5060598333334,71.54687242909091,21.0,1022.0,14.0,9.0,91.5,10.0,30,3.5,-0.461429,-56.0,0.04941128857337962,-0.37329948370099997,-1.22407406718,-0.85077458348,-74.15048543689325
2016-01-21 09:30:00,67.160004,66.88500025000008,70.3462114242425,71.51458454873648,22.0,1023.0,15.0,10.0,92.5,11.0,16,1.5,0.513333,-56.0,0.020654581381617014,-0.31538999891999997,-1.24501208213,-0.9296220832100001,-75.5386565272496
2016-01-22 09:30:00,67.730003,66.96000100000008,70.21075695454553,71.47453210431657,23.0,1024.0,16.0,11.0,93.5,12.0,15,4.0,0.32875,-56.0,0.01806047820519491,-0.186438280122,-1.1626699333600001,-0.97623165324,-54.14110429447858
2016-01-23 09:30:00,,,,,,,,,,,10,1.0,1.7,,,,,,
2016-01-24 09:30:00,,,,,,,,,,,17,3.0,0.9033329999999999,,,,,,
2016-01-25 09:30:00,67.650002,67.14555611111118,70.10861478461545,71.37737200000001,24.0,1025.0,17.0,12.0,94.5,13.0,22,0.0,1.5028569999999999,-56.0,-0.021957674583200363,-0.127145448839,-1.13516346429,-1.00801801545,-63.80368098159508
2016-01-26 09:30:00,67.260002,67.11900100000005,69.99863586363642,71.32259099635039,25.0,1026.0,18.0,13.0,95.5,14.0,11,1.0,1.63,-56.0,0.008413339110535418,-0.0415797599781,-1.0599927154200002,-1.01841295544,-53.10457516339865
2016-01-27 09:30:00,67.610001,67.39900130000005,69.89439360606067,71.28163613818185,26.0,1027.0,19.0,14.0,96.5,15.0,18,3.0,0.18,-56.0,-0.017298152284801138,-0.0256240887802,-1.05044306642,-1.02481897764,-59.223300970873936
2016-01-28 09:30:00,67.279999,67.40800090000006,69.76545418181824,71.25158821660652,27.0,1028.0,20.0,15.0,97.5,16.0,29,2.5,-0.924,-56.0,-0.08273200507572216,-0.104492602667,-1.15543473097,-1.05094212831,-88.72651356993725
2016-01-29 09:30:00,65.260002,67.02200090000005,69.59909060606068,71.1925537410072,28.0,1029.0,21.0,16.0,98.5,17.0,22,8.0,-0.87125,-56.0,-0.012869189522395257,-0.0705820452759,-1.1391696849,-1.06858763963,-56.01092896174861
2016-01-30 09:30:00,,,,,,,,,,,6,0.0,0.0,,,,,,
2016-01-31 09:30:00,,,,,,,,,,,8,1.0,-0.27,,,,,,
2016-02-01 09:30:00,66.019997,66.72100070000006,69.44292278461546,71.03905089781023,29.0,1030.0,22.0,17.0,99.5,18.0,15,0.0,2.417143,-56.0,0.02804290695454276,-0.0295036614981,-1.1054672165000001,-1.075963555,-53.278688524590294
2016-02-02 09:30:00,66.099998,66.54000020000007,69.33166634848493,70.9605107372263,30.0,1031.0,23.0,18.0,100.5,19.0,9,2.0,-0.725,-56.0,-0.01790131543512511,-0.0536654985958,-1.14304542824,-1.08937992965,-79.50819672131145
2016-02-03 09:30:00,65.800003,66.14700020000006,69.16681790909098,70.90043616363639,31.0,1032.0,24.0,19.0,101.5,20.0,15,1.3333,0.565,-96.0,0.0333150407061445,-0.028623171565799996,-1.12515889411,-1.0965357225399999,-60.799999999999656
2016-02-04 09:30:00,65.839996,65.91100010000007,68.98378757575765,70.86462072924189,32.0,1033.0,25.0,20.0,102.5,21.0,20,3.0,-0.501667,-92.0,0.026914691525084272,-0.024404104285,-1.1270408529,-1.10263674861,-70.39999999999964
2016-02-05 09:30:00,65.32,65.94499970000007,68.76530274242431,70.80370482733815,33.0,1034.0,26.0,21.0,103.5,22.0,8,0.0,1.9,-96.0,0.03551500940287428,-0.0921144521022,-1.21777981374,-1.1256653616399999,-92.1269095182137
2016-02-06 09:30:00,,,,,,,,,,,8,0.5,-0.52,,,,,,
2016-02-07 09:30:00,,,,,,,,,,,9,0.6667,-0.19833299999999998,,,,,,
2016-02-08 09:30:00,63.68,65.50400010000006,68.50661518461547,70.61791949270074,34.0,1035.0,27.0,22.0,104.5,23.0,19,0.0,1.944,-92.0,0.09522905812027284,-0.17562226248399998,-1.34519318974,-1.1695709272600001,-86.33093525179846
2016-02-09 09:30:00,62.75,64.86400030000006,68.30742398484858,70.52124065328469,35.0,1036.0,28.0,23.0,105.5,24.0,15,2.0,-0.888333,-96.0,0.12504834491628536,-0.178048819996,-1.39213195225,-1.21408313226,-76.75886524822691
2016-02-10 09:30:00,64.410004,64.56300050000006,68.09363628787888,70.45952708000002,36.0,1037.0,29.0,24.0,106.5,25.0,35,9.0,-1.13,-92.0,0.07819073516171585,-0.12284254746500001,-1.36763631659,-1.24479376912,-66.6666666666666
2016-02-11 09:30:00,63.400002,64.17100080000004,67.8556060000001,70.41274349097473,37.0,1038.0,30.0,25.0,107.5,26.0,2,0.0,0.0,-88.0,0.11768997444699884,-0.136822539228,-1.41582194316,-1.27899940393,-85.10638297872333
2016-02-12 09:30:00,63.869999,63.810000700000046,67.59606059090919,70.3491005323741,38.0,1039.0,31.0,26.0,108.5,27.0,9,4.0,-0.365,-84.0,0.10690642543152816,-0.0725070559613,-1.3696332238799998,-1.2971261679200001,-70.03546099290769
2016-02-13 09:30:00,,,,,,,,,,,7,4.0,1.1625,,,,,,
2016-02-14 09:30:00,,,,,,,,,,,9,2.0,-0.54,,,,,,
2016-02-15 09:30:00,,,,,,,,,,,26,2.0,-1.41,,,,,,
2016-02-16 09:30:00,65.059998,64.14750075000006,67.36484856060615,70.14290422426473,39.0,1040.0,32.0,27.0,109.5,28.0,24,0.0,1.6225,-72.0,0.12708783927366685,0.0606506075308,-1.22131290851,-1.28196351604,-48.58156028368791
2016-02-17 09:30:00,66.089996,64.55624975000006,67.16742433333343,70.08772875824178,40.0,1041.0,33.0,28.0,110.5,29.0,35,8.0,0.439375,-72.0,0.16268745523576325,0.205587923887,-1.0249786111799999,-1.2305665350700001,-19.6120689655172
2016-02-18 09:30:00,66.489998,65.17375000000007,66.97045463636373,70.06127255636366,41.0,1042.0,34.0,29.0,111.5,30.0,14,2.0,0.2,-72.0,0.11060516442654388,0.270708165229,-0.8921813285299999,-1.16288949376,-21.51300236406613
2016-02-19 09:30:00,65.68,65.71000012500008,66.76712133333342,70.00673896739133,42.0,1043.0,35.0,30.0,112.5,31.0,9,0.0,1.656667,-36.0,0.12700789092169185,0.303467906639,-0.7835546104600001,-1.0870225170999999,-23.16784869976337
2016-02-20 09:30:00,,,,,,,,,,,5,0.0,2.27,,,,,,
2016-02-21 09:30:00,,,,,,,,,,,7,0.0,1.9333330000000002,,,,,,
2016-02-22 09:30:00,66.470001,65.96777766666675,66.67164194029858,69.82735280147062,43.0,1044.0,36.0,31.0,113.5,32.0,21,3.0,-0.416667,-36.0,0.13622089920973476,0.377991569553,-0.614533055157,-0.992524624711,-0.2380952380950218
2016-02-23 09:30:00,66.690002,66.22100060000008,66.61455908823537,69.76367636029416,44.0,1045.0,37.0,32.0,114.5,33.0,13,4.0,1.155,-36.0,0.14212709248994165,0.382026440666,-0.5149915738790001,-0.897018014544,-15.366972477064236
2016-02-24 09:30:00,65.989998,66.29000090000008,66.47779435294126,69.71706949084253,45.0,1046.0,38.0,33.0,115.5,34.0,10,0.6667,-0.346667,-36.0,0.14346605722765515,0.386746790475,-0.41358452645099997,-0.800331316926,-10.321100917431242
2016-02-25 09:30:00,66.889999,66.34800020000009,66.36529430882361,69.69541805818184,46.0,1047.0,39.0,34.0,116.5,35.0,10,0.0,1.8566669999999998,-36.00000000000001,0.2001064245706219,0.429696637277,-0.26321052033000003,-0.6929071576070001,-0.836820083681843
2016-02-26 09:30:00,67.730003,66.69500030000007,66.29955910294126,69.65876799637685,0.5,1048.0,40.0,35.0,117.5,36.0,8,0.0,2.32,-36.0,0.2431880534583821,0.432750344042,-0.151969227553,-0.584719571596,-13.157894736842158
2016-02-27 09:30:00,,,,,,,,,,,2,0.0,0.0,,,,,,
2016-02-28 09:30:00,,,,,,,,,,,7,0.0,2.0,,,,,,
2016-02-29 09:30:00,67.099998,66.89500030000008,66.2122391641792,69.51522046323532,1.5,1049.0,41.0,36.0,118.5,37.0,12,0.0,0.73,-36.0,0.1523319253135694,0.348973682468,-0.148502468511,-0.49747615097900005,-33.28571428571417
2016-03-01 09:30:00,66.599998,66.82199990000008,66.18720625000007,69.45161753676474,2.5,1050.0,42.0,37.0,119.5,38.0,10,0.0,2.3633330000000004,-36.0,0.17703592160321432,0.37337784879,-0.0307538399911,-0.404131688781,-7.05645161290311
2016-03-02 09:30:00,67.489998,67.09999980000008,66.1898533235295,69.41611711721616,3.5,1051.0,43.0,38.0,120.5,39.0,11,0.0,1.858571,-36.0,0.2389306825895245,0.379856212259,0.07068857654180001,-0.309167635717,-4.8225806451612225
2016-03-03 09:30:00,67.589996,67.28700010000009,66.17632392647067,69.40345444000003,4.5,1052.0,44.0,39.0,121.5,40.0,14,2.0,-0.9,48.0,0.2119762965720665,0.354646246708,0.134140172668,-0.22050607404,-9.207708779443397
2016-03-04 09:30:00,67.57,67.28600000000009,66.21852975000009,69.36942019565221,5.5,1053.0,45.0,40.0,122.5,41.0,10,1.0,0.7,48.0,0.22141136245192689,0.312053471997,0.169560765956,-0.142492706041,-18.670886075949493
2016-03-05 09:30:00,,,,,,,,,,,10,4.0,-1.005,,,,,,
2016-03-06 09:30:00,,,,,,,,,,,4,0.0,0.0,,,,,,
2016-03-07 09:30:00,66.970001,67.28400040000007,66.21567204477621,69.21180137867651,6.5,1054.0,46.0,41.0,123.5,42.0,22,2.6667,1.359167,72.0,0.28816102685368183,0.304810458715,0.238520367353,-0.0662900913618,-7.917098445596029
2016-03-08 09:30:00,67.550003,67.55100030000006,66.26014531884067,69.16886020220592,7.5,1055.0,47.0,42.0,124.5,43.0,9,3.0,0.586667,72.0,0.2530416281095456,0.23192770353,0.22361953805100002,-0.00830816547933,-36.58721934369604
2016-03-09 09:30:00,67.300003,67.47900090000005,66.26814335714296,69.14520139926744,8.5,1056.0,48.0,43.0,125.5,44.0,10,0.0,0.35,72.0,0.2433974002923196,0.18177098057799998,0.218905560243,0.0371345796652,-32.469775474957125
2016-03-10 09:30:00,67.57,67.42500090000006,66.30057188571438,69.13254538181823,9.5,1057.0,49.0,44.0,126.5,45.0,9,2.0,-1.545,72.0,0.2805708726775552,0.143019140843,0.215908505719,0.07288936487589999,-31.08808290155449
2016-03-11 09:30:00,67.709999,67.41000070000005,66.3125718285715,69.12699267753626,10.5,1058.0,50.0,45.0,127.5,46.0,11,0.0,2.766667,88.0,0.3475373740785924,0.19416955992899998,0.315601314787,0.121431754858,-0.3016591251882628
2016-03-12 09:30:00,,,,,,,,,,,4,0.0,0.0,,,,,,
2016-03-13 09:30:00,,,,,,,,,,,6,0.0,2.385,,,,,,
2016-03-14 09:30:00,68.339996,67.66499940000007,66.32521765217399,69.10349253308829,11.5,1059.0,51.0,46.0,128.5,47.0,7,0.0,1.92,88.0,0.30241676216734703,0.196436769845,0.366977717165,0.17054094732,-9.049773755656028
2016-03-15 09:30:00,67.849998,67.72999950000006,66.35628595714293,69.07441166544123,12.5,1060.0,52.0,47.0,129.5,48.0,15,0.4,-0.073,88.0,0.18763791363224588,0.11835876011600001,0.318489397465,0.20013063734900002,-55.73770491803282
2016-03-16 09:30:00,67.110001,67.72299880000007,66.35442875714294,69.05051270695976,13.5,1061.0,53.0,48.0,130.5,49.0,16,0.4,-0.62,80.0,0.14951613582163287,0.0511810354265,0.264106931632,0.212925896205,-62.29508196721301
2016-03-17 09:30:00,67.019997,67.65199890000007,66.33671440000009,69.03596352000005,14.5,1062.0,54.0,49.0,131.5,50.0,29,9.0,1.84,80.0,0.16406870852091998,-0.045326637939400005,0.156267598781,0.20159423672000001,-78.23129251700676
2016-03-18 09:30:00,66.18,67.40099940000007,66.31157161428581,69.00684771014498,15.5,1063.0,55.0,50.0,132.5,51.0,28,0.0,2.18,76.0,0.1863979078135248,-0.070816038395,0.11307418872700001,0.183890227122,-59.86394557823103
2016-03-19 09:30:00,,,,,,,,,,,9,1.0,0.43,,,,,,
2016-03-20 09:30:00,,,,,,,,,,,7,1.0,-1.1,,,,,,
2016-03-21 09:30:00,66.900002,67.08200000000006,66.35391313043488,68.97639695220593,16.5,1064.0,56.0,51.0,133.5,52.0,18,2.5,1.455,72.0,0.17896619837652464,-0.0598676102485,0.109055714311,0.168923324559,-46.59863945578202
2016-03-22 09:30:00,67.010002,66.89100040000005,66.38057162857152,68.96242637867651,17.5,1065.0,57.0,52.0,134.5,53.0,14,0.0,1.93,48.0,0.2354586092164556,-0.0086491954843,0.15811183020400002,0.166761025688,-23.80952380952344
2016-03-23 09:30:00,67.849998,67.03100050000005,66.42457165714295,68.95549441391945,18.5,1066.0,58.0,53.0,135.5,54.0,9,1.0,-0.145,48.0,0.16951411768952526,-0.00824588732809,0.156453666528,0.16469955385600002,-40.13605442176849
2016-03-24 09:30:00,67.120003,67.07500070000005,66.46928590000009,68.94323627636368,19.5,1067.0,59.0,54.0,136.5,55.0,7,1.0,-0.9,48.0,0.14688269806584994,-0.0109769028584,0.150978425283,0.161955328142,-41.15646258503383
2016-03-25 09:30:00,,,,,,,,,,,7,1.0,-0.03,,,,,,
2016-03-26 09:30:00,,,,,,,,,,,4,0.0,-2.2,,,,,,
2016-03-27 09:30:00,,,,,,,,,,,5,1.0,-0.02,,,,,,
2016-03-28 09:30:00,67.57,67.43625062500004,66.57507482089561,68.90933813970592,20.5,1068.0,60.0,55.0,137.5,56.0,6,0.0,3.0,48.0,0.16644607166687064,-0.0257150950354,0.129811459348,0.155526554383,-47.619047619047365
2016-03-29 09:30:00,67.080002,67.44124987500005,66.63426488235302,68.88805137500003,21.5,1069.0,61.0,56.0,138.5,57.0,15,0.0,0.9640000000000001,48.00000000000001,0.24997379641945305,0.014755191277100002,0.17397054347899998,0.159215352202,-21.088435374149352
2016-03-30 09:30:00,68.32,67.51000025000005,66.78176492647064,68.8762636630037,22.5,1070.0,62.0,57.0,139.5,58.0,10,0.0,2.063333,48.0,0.17623723579510026,0.038534331853199995,0.207383267019,0.168848935165,-20.748299319727884
2016-03-31 09:30:00,67.889999,67.67749975000004,66.8917647941177,68.86945446181821,23.5,1071.0,63.0,58.0,140.5,59.0,7,0.0,0.0,-16.0,0.10155458664624983,0.03647753022380001,0.21444584794500002,0.17796831772100002,-27.891156462584828
2016-04-01 09:30:00,67.50,67.70111088888892,66.99941183823536,68.85409410869569,24.5,1072.0,64.0,59.0,141.5,60.0,16,5.0,0.09,40.0,0.0918270461223858,0.080793252357,0.27895988316799997,0.19816663081099997,-7.9617834394904445
2016-04-02 09:30:00,,,,,,,,,,,6,0.0,0.0,,,,,,
2016-04-03 09:30:00,,,,,,,,,,,10,0.0,1.83,,,,,,
2016-04-04 09:30:00,68.709999,67.90000000000003,67.18597022388066,68.80066165073532,25.5,1073.0,65.0,60.0,142.5,61.0,32,3.0,-0.255556,43.99999999999999,0.12850230273995508,0.154858009643,0.39173914286399997,0.236881133221,-6.3131313131313
2016-04-05 09:30:00,68.559998,68.26500020000002,67.23753631884064,68.78095579411767,26.5,1074.0,66.0,61.0,143.5,62.0,22,0.5,-1.1,44.0,0.0667680026840652,0.13356695437000002,0.40383982618299996,0.270272871814,-29.04040404040413
2016-04-06 09:30:00,68.489998,68.33099980000001,67.30414295714291,68.7709522747253,27.5,1075.0,67.0,62.0,144.5,63.0,29,3.5,0.055,52.0,0.17890539051195228,0.22823186231800002,0.555562699711,0.327330837393,-0.6239316239316872
2016-04-07 09:30:00,69.809998,68.75499970000001,67.42485721428578,68.78032715272731,28.5,1076.0,68.0,63.0,145.5,64.0,9,0.0,2.35,52.0,0.13831596700866486,0.223426833264,0.606614378973,0.383187545709,-18.691588785046655
2016-04-08 09:30:00,69.970001,69.17800000000001,67.51928578571435,68.77789843115947,29.5,1077.0,0.5,64.0,146.5,65.0,6,0.0,-1.51,52.0,0.13447246115433215,0.19308392651200001,0.6245424538490001,0.431458527337,-27.88732394366225
2016-04-09 09:30:00,,,,,,,,,,,7,1.0,2.62,,,,,,
2016-04-10 09:30:00,,,,,,,,,,,6,0.0,2.54,,,,,,
2016-04-11 09:30:00,69.32,69.31899960000001,67.64362323188409,68.76794102941182,30.5,1078.0,1.5,65.0,147.5,66.0,16,4.0,0.2425,52.0,0.07461567381739523,0.126186915056,0.589192171158,0.463005256101,-43.55300859598872
2016-04-12 09:30:00,68.809998,69.2889993,67.69385714285718,68.76632337500006,31.5,1079.0,2.5,66.0,148.5,67.0,16,5.0,-0.136,52.0,0.10738063016337017,0.109158998883,0.599454004705,0.490295005822,-27.507163323782393
2016-04-13 09:30:00,69.699997,69.5009988,67.77271412857145,68.77890093406599,32.5,1080.0,3.5,67.0,149.5,68.0,17,2.0,0.205,52.0,0.17552790914229738,0.129775491316,0.652514369967,0.522738878651,-8.882521489971387
2016-04-14 09:30:00,70.010002,69.49299930000001,67.88242841428574,68.78792711272732,33.5,1081.0,4.5,68.0,150.5,69.0,10,3.0,1.146667,52.0,0.17367316262128146,0.13368145964400002,0.6898407032070001,0.556159243562,-7.736389684814028
2016-04-15 09:30:00,70.239998,69.5729989,67.97999988571432,68.8062679528986,34.5,1082.0,5.5,69.0,151.5,70.0,9,0.0,2.2,52.0,0.20056909382524127,0.12086056105599999,0.7072349448819999,0.586374383826,-9.169054441260931
2016-04-16 09:30:00,,,,,,,,,,,4,0.0,0.0,,,,,,
2016-04-17 09:30:00,,,,,,,,,,,1,0.0,0.0,,,,,,
2016-04-18 09:30:00,69.82,69.68999879999998,68.05782586956525,68.89073513602946,35.5,1083.0,6.5,70.0,152.5,71.0,15,4.0,1.925,84.0,0.2052257468144012,0.142624578033,0.7646551063670001,0.6220305283340001,-2.2511848341230336
2016-04-19 09:30:00,70.790001,70.07299889999999,68.14785694285719,68.92209542279419,36.5,1084.0,7.5,71.0,153.5,72.0,12,0.0,2.42625,88.0,0.1829772284690253,0.159072708541,0.8208714140100001,0.66179870547,-9.669211195928655
2016-04-20 09:30:00,70.940002,70.35099949999999,68.27685692857149,68.93912071062277,37.5,1085.0,8.5,72.0,154.5,73.0,10,1.0,-0.085,92.0,0.15384764196881334,0.17926044363200003,0.88587426001,0.7066138163779999,-7.962529274004773
2016-04-21 09:30:00,71.339996,70.61099929999999,68.38399977142862,68.95643619272734,38.5,1086.0,9.5,73.0,155.5,74.0,18,1.5,-0.005,96.0,0.2084437488745155,0.202877951738,0.96021125605,0.757333304312,-4.481792717086748
2016-04-22 09:30:00,71.760002,70.92799979999998,68.50014270000005,68.97688390942035,39.5,1087.0,10.5,74.0,156.5,75.0,15,0.0,1.81,96.0,0.20665635657685194,0.20971393719999998,1.01947572581,0.8097617886120001,-6.4388961892244625
2016-04-23 09:30:00,,,,,,,,,,,4,0.0,-0.64,,,,,,
2016-04-24 09:30:00,,,,,,,,,,,8,1.0,0.35,,,,,,
2016-04-25 09:30:00,71.599998,71.2910002,68.63666646376817,69.02459543750005,40.5,1088.0,11.5,75.0,157.5,76.0,14,3.0,0.436667,92.0,0.22426847645036505,0.177753659803,1.03195386337,0.854200203563,-14.48275862068942
2016-04-26 09:30:00,71.730003,71.4770002,68.74685691428576,69.05014692279417,41.5,1089.0,12.5,76.0,158.5,77.0,12,0.0,2.425,72.0,0.17630777308727408,0.12338508710000001,1.00843156244,0.8850464753380001,-23.07692307692317
2016-04-27 09:30:00,71.370003,71.5600005,68.84957124285718,69.06919400732605,42.5,1090.0,13.5,77.0,159.5,78.0,11,0.3333,0.713333,72.0,0.1953425394481629,0.0696656559925,0.9721285453280001,0.9024628893359999,-25.39912917271413
2016-04-28 09:30:00,70.830002,71.5030006,68.95885687142861,69.08349077818187,43.5,1091.0,14.5,78.0,160.5,79.0,10,3.0,-0.543333,72.0,0.1957345289807961,0.0024177808936500004,0.905485115453,0.903067334559,-35.268505079825594
2016-04-29 09:30:00,70.260002,71.27100069999999,69.04957124285718,69.09775351086961,44.5,1092.0,15.5,79.0,161.5,80.0,13,1.0,0.036667,72.0,0.15861835032694127,-0.118878273695,0.7544694924400001,0.873347766136,-70.11161387631952
2016-04-30 09:30:00,,,,,,,,,,,6,0.0,2.06,,,,,,
2016-05-01 09:30:00,,,,,,,,,,,10,0.0,1.6,,,,,,
2016-05-02 09:30:00,69.919998,70.89500049999998,69.12463756521745,69.128639569853,45.5,1093.0,16.5,80.0,162.5,81.0,7,3.0,-0.483333,72.0,0.1652793347243894,-0.171158628753,0.659399480194,0.8305581089470001,-68.9964157706094
2016-05-03 09:30:00,69.940002,70.57600099999999,69.16271428571436,69.13474252205889,46.5,0.5,17.5,81.0,163.5,82.0,8,0.0,1.6,60.0,0.19274923173159728,-0.21624736178000004,0.560248906723,0.7764962685019999,-77.9599271402553
2016-05-04 09:30:00,69.529999,70.25700069999998,69.21057141428578,69.13695957509164,47.5,1.5,18.5,82.0,164.5,83.0,12,1.0,0.96,60.0,0.08064500145515012,-0.283277099296,0.422399894382,0.705676993678,-93.65058236272893
2016-05-05 09:30:00,69.309998,69.91100079999998,69.27142858571436,69.13818169090915,48.5,2.5,19.5,83.0,165.5,84.0,8,0.0,3.0,60.0,0.14541887521832542,-0.298417640625,0.332654942898,0.631072583522,-84.02662229617289
2016-05-06 09:30:00,69.339996,69.68799959999998,69.34042848571434,69.13913028260876,49.5,3.5,20.5,84.0,166.5,85.0,9,0.0,0.0,52.0,0.17288836853401507,-0.32418250322299996,0.22584445449299997,0.550026957717,-83.73751783166881
2016-05-07 09:30:00,,,,,,,,,,,6,0.0,-0.25,,,,,,
2016-05-08 09:30:00,,,,,,,,,,,6,1.0,-0.51,,,,,,
2016-05-09 09:30:00,69.18,69.55299969999999,69.46188398550731,69.1399630441177,50.5,4.5,21.5,85.0,167.5,86.0,15,0.0,1.9685709999999998,52.00000000000001,0.2312648802741093,-0.277935773813,0.20260724045000003,0.48054301426299995,-61.19828815977172
2016-05-10 09:30:00,70.25,69.56199939999998,69.51699991428578,69.15378658088241,51.5,5.5,22.5,86.0,168.5,87.0,8,0.0,2.68,48.0,0.2456252302946281,-0.20110796451699997,0.229158058616,0.43026602313400003,-44.36519258202553
2016-05-11 09:30:00,70.449997,69.71299889999997,69.61371405714291,69.16304008424916,52.5,6.5,23.5,87.0,169.5,88.0,12,3.0,-0.643333,-40.0,0.16849567052614442,-0.200579037685,0.17954222602699998,0.380121263713,-68.61626248216845
2016-05-12 09:30:00,69.860001,69.80899879999998,69.66828548571434,69.16756342909098,53.5,7.5,24.5,88.0,170.5,89.0,13,0.0,-1.576667,-40.0,0.14668715084038664,-0.219363567165,0.105916804756,0.325280371921,-78.50467289719629
2016-05-13 09:30:00,69.220001,69.76799999999999,69.72514267142861,69.16826066304355,54.5,8.5,25.5,89.0,171.5,90.0,6,0.0,-2.0,-40.0,0.0884510593588513,-0.232814290925,0.0342625082649,0.26707679919,-83.01282051282051
2016-05-14 09:30:00,,,,,,,,,,,8,0.0,0.0,,,,,,
2016-05-15 09:30:00,,,,,,,,,,,2,0.0,1.77,,,,,,
2016-05-16 09:30:00,69.150002,69.76100009999996,69.74168998591554,69.1336027683824,55.5,9.5,26.5,90.0,172.5,91.0,7,2.0,0.3,-40.0,0.07273076964085234,-0.171486718366,0.0527184012329,0.224205119599,-50.67114093959741
2016-05-17 09:30:00,69.949997,69.74199989999997,69.77944427777783,69.11974245955886,56.5,10.5,27.5,0.0,173.5,92.0,9,1.0,1.0,-40.0,0.036063515053328235,-0.17268909671799998,0.00834374870084,0.18103284541900003,-75.16778523489953
2016-05-18 09:30:00,69.239998,69.49999999999997,69.83930534722226,69.11289358608065,57.5,11.5,28.5,1.0,174.5,93.0,7,0.0,2.6,-40.0,0.03835849320638186,-0.14753339575899999,-0.0033838992795100003,0.144149496479,-49.009900990098856
2016-05-19 09:30:00,69.239998,69.43099969999997,69.87513859722227,69.11527253090915,58.5,12.5,29.5,2.0,175.5,94.0,7,0.0,-1.8,-40.0,0.009063662188766086,-0.162998950448,-0.059599191579999995,0.10339975886700001,-78.21782178217829
2016-05-20 09:30:00,69.309998,69.41499939999997,69.90958309722228,69.10619546014499,59.5,13.5,30.5,3.0,176.5,95.0,4,0.0,3.0,-40.0,0.0036644944463119907,-0.124247157204,-0.0519091876379,0.0723379695664,-46.53465346534653
2016-05-21 09:30:00,,,,,,,,,,,6,0.0,0.0,,,,,,
2016-05-22 09:30:00,,,,,,,,,,,6,0.5,-0.22,,,,,,
2016-05-23 09:30:00,69.589996,69.51399909999999,69.98507012676062,69.03305127205887,60.5,14.5,31.5,4.0,177.5,96.0,4,0.0,3.0,-40.00000000000001,-0.012024186131102784,-0.11197347998700001,-0.0676288804167,0.044344599569800004,-60.39603960396046
2016-05-24 09:30:00,69.760002,69.42799979999998,69.99166647222228,69.01654392647063,61.5,15.5,32.5,5.0,178.5,97.0,11,0.0,1.96,-40.0,0.038968212807824,-0.0349973594707,0.000597900231384,0.0355952597021,-10.891089108910856
2016-05-25 09:30:00,70.599998,69.67000039999996,70.03444426388894,69.01743571428577,62.5,16.5,33.5,6.0,179.5,98.0,8,0.0,2.525,-40.0,0.051129172642502066,0.0428396578988,0.0891448320755,0.0463051741768,-5.8823529411765065
2016-05-26 09:30:00,70.879997,69.95500019999997,70.1006942083334,69.03087252727279,63.5,17.5,34.5,7.0,180.5,99.0,12,0.0,2.666667,-40.0,0.08698412582715513,0.0895966879802,0.158301034152,0.0687043461718,-5.8577405857740805
2016-05-27 09:30:00,70.809998,70.28599999999997,70.12222202777784,69.03456500362326,0.5,18.5,35.5,8.0,181.5,100.0,10,0.0,2.83,-36.0,0.11942130273857758,0.134001570178,0.23620630889400002,0.102204738716,-5.860805860805727
2016-05-28 09:30:00,,,,,,,,,,,3,0.0,0.0,,,,,,
2016-05-29 09:30:00,,,,,,,,,,,5,0.0,2.36,,,,,,
2016-05-30 09:30:00,,,,,,,,,,,3,1.0,-0.92,,,,,,
2016-05-31 09:30:00,71.400002,70.87374974999996,70.18857125714294,68.9962220444445,1.5,19.5,36.5,9.0,182.5,101.0,5,0.0,1.44,-32.0,0.0911029498639768,0.164726328093,0.308112648833,0.14338632074000002,-5.841924398625496
2016-06-01 09:30:00,71.129997,71.05749887499995,70.25785692857151,69.01066401107016,2.5,20.5,37.5,10.0,183.5,102.0,13,1.0,2.89,68.0,0.12672262270719778,0.190634151677,0.38167901033600005,0.19104485865899998,-4.9128367670364845
2016-06-02 09:30:00,71.550003,71.23624999999996,70.31614278571438,69.02948700000006,3.5,21.5,38.5,11.0,184.5,103.0,21,0.0,2.135714,72.0,0.20497614509619425,0.253849847546,0.5083571680919999,0.25450732054499997,-0.0
2016-06-03 09:30:00,72.309998,71.63249974999995,70.38471415714295,69.0528100364964,4.5,22.5,39.5,12.0,185.5,104.0,6,0.0,2.825,76.0,0.19651034893637684,0.262528458574,0.582667893762,0.320139435189,-6.511190712089928
2016-06-04 09:30:00,,,,,,,,,,,2,0.0,2.1,,,,,,
2016-06-05 09:30:00,,,,,,,,,,,14,0.0,2.0825,,,,,,
2016-06-06 09:30:00,72.300003,71.83000022222217,70.45202898550734,69.03237017037043,5.5,23.5,40.5,13.0,186.5,105.0,20,0.0,2.293333,80.0,0.21390138142991744,0.276227161125,0.665423386595,0.38919622547,-3.07619047619041
2016-06-07 09:30:00,72.379997,72.01299969999997,70.52042852857153,69.04299977777784,6.5,24.5,41.5,14.0,187.5,106.0,11,2.0,0.7725,80.0,0.17733331791136347,0.23796467359,0.686652067458,0.448687393868,-13.828571428571337
2016-06-08 09:30:00,72.169998,72.20500029999997,70.56242855714295,69.05715846494472,7.5,25.5,42.5,15.0,188.5,107.0,11,1.0,0.33,80.0,0.1406501188434429,0.213422859025,0.715465967649,0.502043108624,-7.8571428571428115
2016-06-09 09:30:00,72.32,72.36900019999996,70.60442860000008,69.08164815750922,8.5,26.5,43.5,16.0,189.5,108.0,8,0.6667,1.025,92.0,0.16343707745532324,0.174617395328,0.7203148527840001,0.545697457456,-13.361462728551205
2016-06-10 09:30:00,71.940002,72.31500079999998,70.62814294285722,69.0956567627738,9.5,27.5,44.5,17.0,190.5,109.0,5,0.5,-0.225,92.0,0.1968649712246226,0.09915188549489999,0.669637314325,0.57048542883,-30.27259684361529
2016-06-11 09:30:00,,,,,,,,,,,2,0.0,0.0,,,,,,
2016-06-12 09:30:00,,,,,,,,,,,2,0.0,0.5,,,,,,
2016-06-13 09:30:00,71.519997,72.18599999999998,70.60753617391315,69.07014743911446,10.5,28.5,45.5,18.0,191.5,110.0,5,0.0,2.33,56.0,0.2067798970644392,0.00507678512842,0.57683141024,0.571754625112,-51.34281200631925
2016-06-14 09:30:00,71.040001,71.90500029999998,70.60814282857153,69.07397043014714,11.5,29.5,46.5,19.0,192.5,111.0,1,0.0,0.0,56.0,0.21324030013589648,-0.052346433468000005,0.5063215832769999,0.558668016745,-67.48329621380877
2016-06-15 09:30:00,71.510002,71.7480004,70.60114287142868,69.0800731245422,12.5,30.5,47.5,20.0,193.5,112.0,8,0.0,-1.8,56.0,0.2267831395909789,-0.12195803280999999,0.40622047573299996,0.528178508542,-90.92970521541938
2016-06-16 09:30:00,70.620003,71.41300059999999,70.58342861428582,69.0920362472728,13.5,31.5,48.5,21.0,194.5,113.0,8,0.0,-2.11,56.0,0.25958954025122083,-0.148056879758,0.34310740884499996,0.491164288603,-68.42105263157883
2016-06-17 09:30:00,70.900002,71.18100069999998,70.58214295714296,69.09452889492759,14.5,32.5,49.5,22.0,195.5,114.0,12,1.0,0.0,56.0,0.22706260205433934,-0.22622561327500001,0.208382272009,0.43460788528399996,-91.43327841845121
2016-06-18 09:30:00,,,,,,,,,,,4,0.0,0.0,,,,,,
2016-06-19 09:30:00,,,,,,,,,,,6,1.0,-0.315,,,,,,
2016-06-20 09:30:00,70.660004,70.92300129999998,70.58724643478271,69.04433815073537,15.5,33.5,50.5,23.0,196.5,115.0,6,1.0,0.67,56.0,0.18396975765491366,-0.239243605647,0.135553378225,0.374796983872,-76.93574958813826
2016-06-21 09:30:00,70.739998,70.82200109999998,70.59771434285724,69.04680138235301,16.5,34.5,51.5,24.0,197.5,116.0,6,0.0,0.0,56.0,0.1794129865172383,-0.25391376612100003,0.057404776221300004,0.311318542342,-85.00823723228999
2016-06-22 09:30:00,70.260002,70.59100129999997,70.60328577142866,69.04567758608066,17.5,35.5,52.5,0.0,198.5,117.0,9,0.0,1.7233330000000002,56.0,0.09873255761714493,-0.239553769947,0.011876329908,0.251430099855,-78.25370675453054
2016-06-23 09:30:00,71.080002,70.60000089999997,70.63242864285722,69.0582181163637,18.5,36.5,53.5,1.0,199.5,118.0,7,0.0,1.6,56.0,0.12594495437715678,-0.161575387595,0.049460865361699996,0.211036252957,-47.94069192751235
2016-06-24 09:30:00,69.349998,70.47499999999998,70.66271427142865,69.0583694927537,19.5,37.5,54.5,2.0,200.5,119.0,4,0.0,3.0,-43.99999999999999,0.033140801739288975,-0.239532894034,-0.0883798645862,0.151153029448,-93.65918097754269
2016-06-25 09:30:00,,,,,,,,,,,4,0.0,0.0,,,,,,
2016-06-26 09:30:00,,,,,,,,,,,6,0.0,1.6,,,,,,
2016-06-27 09:30:00,68.839996,70.21799919999998,70.67289856521747,69.01341904779419,20.5,38.5,55.5,3.0,201.5,120.0,7,1.0,-0.7,-48.0,-0.02514777693012873,-0.335290546059,-0.267960153126,0.06733039293330001,-93.88830347734472
2016-06-28 09:30:00,68.860001,69.81799919999999,70.63557141428578,68.99613965073537,21.5,39.5,56.5,4.0,202.5,121.0,3,0.0,-2.0,-48.0,0.021709584377865628,-0.293469448211,-0.29950641733000005,-0.0060369691194,-65.8587987355112
2016-06-29 09:30:00,70.199997,69.7569984,70.63114277142864,68.99838819780227,22.5,40.5,57.5,5.0,203.5,122.0,6,0.0,2.16,-48.0,0.023499351659791612,-0.16694011010600002,-0.214712106752,-0.047771996645900004,-25.692695214105697
2016-06-30 09:30:00,71.18,69.82499839999998,70.64842857142865,69.0137453781819,23.5,41.5,58.5,6.0,204.5,123.0,6,0.0,1.355,-48.0,0.005082083625060943,-0.0360084212218,-0.0927825231731,-0.0567741019513,-8.942065491183982
2016-07-01 09:30:00,71.870003,70.10999909999998,70.7057143142858,69.02822456884066,24.5,42.5,59.5,7.0,205.5,124.0,11,0.0,1.558,-48.0,-0.004443344664820598,0.07749928143130001,0.0400999998378,-0.0373992815935,-4.009433962264196
2016-07-02 09:30:00,,,,,,,,,,,8,1.0,-0.04,,,,,,
2016-07-03 09:30:00,,,,,,,,,,,5,0.0,0.0,,,,,,
2016-07-04 09:30:00,,,,,,,,,,,2,0.0,0.0,,,,,,
2016-07-05 09:30:00,71.730003,71.20000074999997,70.83058829411773,68.96607404074084,0.0,43.5,60.5,8.0,206.5,125.0,13,0.5,0.6,-48.0,-0.028726162662919608,0.140454795695,0.13816921302500002,-0.0022855826698200002,-6.7599067599065865
2016-07-06 09:30:00,71.980003,71.72000112499997,70.8900000588236,68.98309960147611,1.0,44.5,61.5,9.0,207.5,126.0,20,6.0,-0.001667,24.0,0.038395885168692766,0.224264364816,0.278044873351,0.053780508534199994,-3.0241935483869287
2016-07-07 09:30:00,73.339996,72.22250074999997,71.00250008823538,69.01340655677664,2.0,45.5,62.5,10.0,208.5,127.0,7,3.0,0.94,28.0,0.01571788857518251,0.257528020847,0.37569053459299995,0.11816251374600001,-10.64638783269941
2016-07-08 09:30:00,73.150002,72.51750087499997,71.10632370588245,69.03536492335773,3.0,46.5,63.5,11.0,209.5,128.0,6,0.0,0.11,32.0,0.08230172448930519,0.321235623979,0.51970704372,0.19847141974100002,-0.35587188612092624
2016-07-09 09:30:00,,,,,,,,,,,15,6.0,1.9816669999999998,,,,,,
2016-07-10 09:30:00,,,,,,,,,,,16,0.0,2.58,,,,,,
2016-07-11 09:30:00,73.910004,72.84222322222219,71.26537335820906,69.00959261481489,4.0,47.5,64.5,12.0,210.5,129.0,14,1.5,1.428333,36.0,0.043741675720936235,0.329753654362,0.610663487694,0.280909833331,-10.149750415973383
2016-07-12 09:30:00,73.650002,73.09900059999997,71.35779439705892,69.03055353874547,5.0,48.5,65.5,13.0,211.5,130.0,7,1.0,0.2,36.0,0.10304321931764944,0.338219716976,0.703684479551,0.365464762575,-4.1597337770382765
2016-07-13 09:30:00,74.080002,73.48500069999997,71.48661783823539,69.0667033296704,6.0,49.5,66.5,14.0,212.5,131.0,10,3.0,0.036667,43.99999999999999,0.0499344175701567,0.320549642168,0.7661518152850001,0.445602173117,-5.834018077239183
2016-07-14 09:30:00,74.309998,73.67400069999995,71.59132366176479,69.10305457090917,7.0,50.5,67.5,15.0,213.5,132.0,6,2.0,1.79,48.0,0.0759669761544965,0.309029822146,0.8318894508,0.522859628654,-7.914764079147589
2016-07-15 09:30:00,74.419998,73.93600009999996,71.69176486764715,69.12920292028993,8.0,51.5,68.5,16.0,214.5,133.0,9,0.0,2.6,48.0,0.01866881688092991,0.27701369695,0.869126749841,0.592113052891,-8.828006088280043
2016-07-16 09:30:00,,,,,,,,,,,2,0.0,0.0,,,,,,
2016-07-17 09:30:00,,,,,,,,,,,8,0.0,1.92,,,,,,
2016-07-18 09:30:00,74.099998,73.99399949999996,71.79656734328367,69.0887500330883,9.0,52.5,69.5,17.0,215.5,134.0,5,0.0,0.0,48.0,0.05491520389253822,0.23894144243,0.890789855929,0.651848413499,-9.458297506448794
2016-07-19 09:30:00,74.199997,74.11099929999996,71.8649276811595,69.11509160439567,10.0,53.5,70.5,18.0,216.5,135.0,9,0.0,0.785,48.0,0.07267414650514126,0.186399181866,0.8848473908310001,0.698448208965,-15.919282511210644
2016-07-20 09:30:00,74.290001,74.14199909999995,71.93600008571435,69.15149093090916,11.0,54.5,71.5,19.0,217.5,136.0,7,0.0,3.0,64.0,0.11141162519075004,0.180085573492,0.9235551758299999,0.743469602338,-3.1928480204342216
2016-07-21 09:30:00,74.620003,74.25299989999996,72.03257167142866,69.19097477256325,12.0,55.5,72.5,20.0,218.5,137.0,14,5.0,-0.188,68.0,0.15650013852082692,0.17394975832899998,0.9609068002500001,0.786957041921,-4.477611940298262
2016-07-22 09:30:00,74.830002,74.36399999999998,72.12557158571435,69.2258993273382,13.0,56.5,73.5,21.0,219.5,138.0,6,0.0,2.3,72.0,0.1374108027807328,0.16338332692399998,0.991186200576,0.827802873652,-2.686567164179211
2016-07-23 09:30:00,,,,,,,,,,,3,0.0,0.0,,,,,,
2016-07-24 09:30:00,,,,,,,,,,,1,0.0,0.0,,,,,,
2016-07-25 09:30:00,75.010002,74.54599999999996,72.19797120289861,69.24229933211684,14.0,57.5,74.5,22.0,220.5,139.0,12,0.0,2.325,72.0,0.2489177301912642,0.135543334559,0.997232041851,0.8616887072920001,-5.3459119496856005
2016-07-26 09:30:00,74.620003,74.66800089999997,72.26985738571435,69.28244534671538,15.0,58.5,75.5,23.0,221.5,140.0,8,0.0,2.11,72.0,0.3328776059304966,0.0948362133639,0.980233973997,0.885397760633,-11.450381679389185
2016-07-27 09:30:00,74.629997,74.78500069999998,72.33200022857149,69.32647281454551,16.0,59.5,76.5,24.0,222.5,141.0,7,2.0,0.6,84.0,0.3046963518886328,0.0779763107346,0.9828681490510001,0.904891838316,-4.66572409614209
2016-07-28 09:30:00,75.00,74.87300039999998,72.4137145428572,69.36787013357406,17.0,60.5,77.5,25.0,223.5,142.0,4,0.0,2.5,88.0,0.287381196530672,0.0506042407102,0.968147139204,0.917542898494,-10.439560439560355
2016-07-29 09:30:00,74.910004,74.90200129999997,72.48742888571437,69.41201451079142,18.0,61.5,78.5,26.0,224.5,143.0,8,0.0,1.9966669999999997,92.0,0.25674383352253943,0.032002785697,0.957546380615,0.925543594918,-8.000000000000032
2016-07-30 09:30:00,,,,,,,,,,,3,0.0,0.0,,,,,,
2016-07-31 09:30:00,,,,,,,,,,,3,0.0,2.07,,,,,,
2016-08-01 09:30:00,75.269997,74.94900069999996,72.58710165217398,69.50186141605845,19.0,62.5,79.5,27.0,225.5,144.0,15,2.5,1.4709999999999999,96.0,0.2376052717138788,0.0408605895048,0.9766193317990001,0.9357587422939999,-14.096916299559195
2016-08-02 09:30:00,75.739998,75.13799979999996,72.69157164285721,69.56573002919714,20.0,63.5,80.5,28.0,226.5,145.0,4,0.0,3.0,92.0,0.23664628467004656,0.017232253366599996,0.957299059002,0.9400668056360001,-26.872246696035266
2016-08-03 09:30:00,75.339996,75.26999969999997,72.8127144285715,69.6177091636364,21.0,64.5,81.5,29.0,227.5,146.0,3,0.0,2.39,88.0,0.15090343941479364,-0.020452992190099998,0.9145005653980001,0.934953557588,-36.123348017620906
2016-08-04 09:30:00,75.230003,75.29899969999998,72.92100015714293,69.65805062454879,22.0,65.5,82.5,30.0,228.5,147.0,6,0.0,2.83,84.0,0.13791348799870667,-0.0585449305105,0.86177239445,0.9203173249609999,-40.96916299559509
2016-08-05 09:30:00,75.400002,75.34999919999998,73.04985725714293,69.6980287634409,23.0,66.5,83.5,31.0,229.5,148.0,13,6.0,0.625,80.0,0.0952746980862224,-0.07625437537930001,0.824999355737,0.9012537311159999,-33.03964757709257
2016-08-06 09:30:00,,,,,,,,,,,2,0.0,0.72,,,,,,
2016-08-07 09:30:00,,,,,,,,,,,2,0.0,0.0,,,,,,
2016-08-08 09:30:00,75.190002,75.347,73.21579721739138,69.78949284782611,24.0,67.5,84.5,32.0,230.5,149.0,9,0.5,-0.1,76.0,0.11845954858894713,-0.132416795048,0.735732737306,0.868149532354,-76.79558011049717
2016-08-09 09:30:00,75.010002,75.1670005,73.29785724285722,69.84420298913045,25.0,68.5,85.5,33.0,231.5,150.0,11,0.0,2.51,72.0,0.08050000453843664,-0.157104378529,0.671769059193,0.8288734377220001,-73.3333333333327
2016-08-10 09:30:00,74.760002,75.04900129999999,73.41657160000008,69.88700371841156,26.0,69.5,86.5,34.0,232.5,151.0,5,1.0,0.56,68.0,0.1049535436539848,-0.188172591639,0.593657698173,0.781830289812,-88.25301204819316
2016-08-11 09:30:00,74.739998,74.93600089999998,73.54171438571437,69.92107537275987,27.0,70.5,87.5,35.0,233.5,152.0,12,0.6667,-0.135,64.0,0.14229978589436573,-0.177148341284,0.5603948632069999,0.7375432044910001,-62.04819277108453
2016-08-12 09:30:00,74.830002,74.869001,73.6597144142858,69.96475010714289,28.0,71.5,88.5,36.0,234.5,153.0,7,0.0,2.33,60.0,0.1987678075283729,-0.179801542699,0.512791276117,0.6925928188160001,-73.49397590361455
2016-08-13 09:30:00,,,,,,,,,,,1,0.0,0.0,,,,,,
2016-08-14 09:30:00,,,,,,,,,,,4,0.0,0.0,,,,,,
2016-08-15 09:30:00,74.779999,74.78100059999998,73.85072484057982,70.05663051811597,29.0,72.5,89.5,37.0,235.5,154.0,7,0.0,1.3825,56.0,0.18604946021187493,-0.170056964197,0.48002161357,0.650078577767,-65.66265060240997
2016-08-16 09:30:00,74.800003,74.79000099999999,73.95100035714297,70.12565226811597,30.0,73.5,90.5,38.0,236.5,155.0,5,0.0,2.0,36.00000000000001,0.16032364180787054,-0.20371906116900002,0.395429751306,0.5991488124750001,-100.0
2016-08-17 09:30:00,74.080002,74.66700069999999,74.10928610000012,70.16797842960291,31.0,74.5,91.5,39.0,237.5,156.0,16,1.0,0.72,36.0,0.17228523201499646,-0.210028197375,0.336613565756,0.546641763131,-77.590361445783
2016-08-18 09:30:00,74.379997,74.61600039999999,74.23585752857154,70.1982079605735,32.0,75.5,92.5,40.0,238.5,157.0,2,0.0,0.0,36.0,0.1631206418245391,-0.206041715254,0.289089619063,0.49513133431699996,-76.14457831325284
2016-08-19 09:30:00,74.269997,74.50499959999999,74.32828601428584,70.24275006785717,33.0,76.5,93.5,41.0,239.5,158.0,5,0.0,0.0,36.0,0.16324406493679988,-0.201085096002,0.243774964314,0.444860060317,-76.03305785123952
2016-08-20 09:30:00,,,,,,,,,,,2,0.0,0.0,,,,,,
2016-08-21 09:30:00,,,,,,,,,,,2,0.0,0.0,,,,,,
2016-08-22 09:30:00,74.389999,74.42399979999999,74.43463789855085,70.3650725362319,34.0,77.5,94.5,0.0,240.5,159.0,10,0.0,1.7875,36.0,0.14055629000103886,-0.181920224752,0.217459779377,0.399380004129,-60.33898305084715
2016-08-23 09:30:00,74.769997,74.38099899999999,74.4404227323945,70.43130441666668,35.0,78.5,95.5,1.0,241.5,160.0,14,0.0,2.33,-48.0,0.06682264468081661,-0.159545330743,0.1999483407,0.359493671443,-55.59322033898323
2016-08-24 09:30:00,74.550003,74.46199949999998,74.48152800000013,70.48292426714804,36.0,79.5,96.5,2.0,242.5,161.0,13,0.0,-2.285,-68.0,-0.01756364707368575,-0.215101652626,0.0906166056612,0.305718258287,-91.7050691244243
2016-08-25 09:30:00,73.209999,74.24700019999997,74.51694472222236,70.50319005376346,37.0,80.5,97.5,3.0,243.5,162.0,31,0.8,0.295,-72.0,-0.05221744271285306,-0.28100142137899997,-0.045533518437,0.23546790294199998,-88.23529411764677
2016-08-26 09:30:00,72.870003,73.94400109999998,74.50888925000014,70.54417867500001,38.0,81.5,98.5,4.0,244.5,163.0,14,2.0,-0.695,-72.0,-0.06309081621622542,-0.291853330957,-0.129348760754,0.16250457020300002,-77.05544933078411
2016-08-27 09:30:00,,,,,,,,,,,6,0.0,-1.14,,,,,,
2016-08-28 09:30:00,,,,,,,,,,,2,0.0,0.0,,,,,,
2016-08-29 09:30:00,73.099998,73.68600089999998,74.52366223943675,70.70981891666669,39.0,82.5,99.5,5.0,245.5,164.0,31,1.0,0.615,-72.0,-0.058454038690321015,-0.274626360706,-0.18077838068,0.0938479800262,-70.9369024856594
2016-08-30 09:30:00,73.32,73.41300129999999,74.4975002500001,70.77923922101452,40.0,83.5,100.5,6.0,246.5,165.0,15,3.0,0.083333,-72.0,-0.08455855513340539,-0.266242471943,-0.23895510990200003,0.027287362040499998,-80.49713193116611
2016-08-31 09:30:00,72.879997,73.0860008,74.47972247222232,70.81790621660653,41.0,84.5,101.5,7.0,247.5,166.0,19,4.0,1.06,-72.0,-0.07090970639872238,-0.26131940227600003,-0.299361890804,-0.0380424885285,-88.91013384321198
2016-09-01 09:30:00,72.760002,72.97600089999999,74.44625030555567,70.83182805017924,42.0,85.5,102.5,8.0,248.5,167.0,16,2.5,0.083,-92.0,-0.03624447661235691,-0.256313452726,-0.358434304436,-0.10212085171,-88.40070298769777
2016-09-02 09:30:00,72.720001,72.9390006,74.40680590277788,70.84473319217085,43.0,86.5,103.5,9.0,249.5,168.0,13,1.0,-0.946667,-92.0,-0.06716333801885202,-0.233703016383,-0.394249622188,-0.160546605806,-85.14492753623152
2016-09-04 09:30:00,,,,,,,,,,,3,0.0,0.0,,,,,,
2016-09-05 09:30:00,,,,,,,,,,,4,0.0,0.0,,,,,,
2016-09-06 09:30:00,72.769997,72.76125049999999,74.37100038571441,70.98362328985509,44.0,87.5,104.5,10.0,250.5,169.0,12,0.0,2.213333,-88.0,-0.03456786332974175,-0.189223869273,-0.39707644239600004,-0.207852573124,-75.72463768115941
2016-09-07 09:30:00,72.849998,72.74875074999999,74.3345718714287,71.01555967509029,45.0,88.5,105.5,11.0,251.5,170.0,8,4.0,-0.73,-76.0,-0.03318455944807774,-0.14953082143,-0.394766099911,-0.245235278481,-75.72463768115941
2016-09-08 09:30:00,72.68,72.75750074999999,74.29671481428585,71.02831553405021,46.0,89.5,106.5,12.0,252.5,171.0,8,2.0,-0.115,-76.0,-0.0038098939133792524,-0.110748512225,-0.383670918763,-0.272922406538,-73.55072463768107
2016-09-09 09:30:00,72.559998,72.78750049999998,74.24371471428584,71.05700011428576,47.0,90.5,107.5,13.0,253.5,172.0,16,2.0,0.2825,-96.0,-0.12880222656245766,-0.17132049982900002,-0.487073031324,-0.315752531495,-99.43019943019915
2016-09-10 09:30:00,,,,,,,,,,,2,0.0,0.0,,,,,,
2016-09-11 09:30:00,,,,,,,,,,,2,0.0,0.0,,,,,,
2016-09-12 09:30:00,71.110001,72.47444499999999,74.13072517391318,71.15644939855076,48.0,91.5,108.5,14.0,254.5,173.0,7,0.0,1.3,-96.0,-0.0773983680816284,-0.129779565286,-0.477976988103,-0.34819742281599997,-62.148337595908146
2016-09-13 09:30:00,72.120003,72.41900109999997,74.06714340000013,71.19101462318844,49.0,92.5,109.5,15.0,255.5,174.0,9,1.0,0.175,-76.0,-0.08161766526321372,-0.155667937498,-0.542782344688,-0.387114407191,-85.89211618257283
2016-09-14 09:30:00,71.57,72.16000069999998,73.97628612857154,71.2079062490975,50.0,93.5,110.5,16.0,256.5,175.0,15,0.0,-2.835,-76.0,-0.060298141890194064,-0.160204648989,-0.587370218427,-0.42716556943800005,-78.92561983471114
2016-09-15 09:30:00,71.470001,71.90800019999998,73.88571474285725,71.21025100358428,51.0,94.5,111.5,17.0,257.5,176.0,7,0.3333,-0.126667,-76.0,-0.05392218964194245,-0.103530521253,-0.556578721004,-0.453048199751,-47.033898305084726
2016-09-16 09:30:00,71.989998,71.78799969999999,73.80300032857153,71.23175009285718,52.0,95.5,112.5,18.0,258.5,177.0,11,0.0,2.25,-76.0,-0.032489057994622116,-0.073128743668,-0.544459129336,-0.471330385668,-56.034482758620726
2016-09-17 09:30:00,,,,,,,,,,,4,0.0,0.0,,,,,,
2016-09-18 09:30:00,,,,,,,,,,,2,0.0,0.0,,,,,,
2016-09-19 09:30:00,72.290001,71.96599959999999,73.7021742173914,71.32597836594208,53.0,96.5,113.5,19.0,259.5,178.0,9,0.0,-2.0,-76.0,-0.09051582069283592,-0.0625355323111,-0.549499801057,-0.486964268746,-65.91928251121102
2016-09-20 09:30:00,72.160004,71.8979995,73.63128608571438,71.35811605434789,54.0,97.5,114.5,20.0,260.5,179.0,7,0.0,2.165,-52.0,-0.10915708369740634,-0.034138250393599995,-0.529637081738,-0.495498831344,-52.88461538461584
2016-09-21 09:30:00,72.309998,72.01899949999999,73.53071465714294,71.3783755415163,55.0,98.5,115.5,21.0,261.5,180.0,11,1.3333,-0.21,-52.0,-0.03440329914303986,0.0359162854736,-0.450603474502,-0.48651975997599994,-18.269230769230568
2016-09-22 09:30:00,73.089996,72.2999993,73.46142897142866,71.38956997132622,56.0,99.5,116.5,22.0,262.5,181.0,14,0.0,2.18,-52.0,0.016340047135852312,0.117477543223,-0.339672830947,-0.45715037417,-5.4621848739494006
2016-09-23 09:30:00,73.230003,72.52399979999998,73.40657177142864,71.41889292857148,57.0,100.5,117.5,23.0,263.5,182.0,11,0.0,2.26,-52.0,0.007826769418911738,0.151929882559,-0.267238020972,-0.41916790353100003,-15.126050420168074
2016-09-24 09:30:00,,,,,,,,,,,1,0.0,0.0,,,,,,
2016-09-25 09:30:00,,,,,,,,,,,4,0.0,0.0,,,,,,
2016-09-26 09:30:00,72.839996,72.6789993,73.31434810144935,71.51634062681164,58.0,101.5,118.5,24.0,264.5,183.0,10,0.0,2.1,-52.0,-0.015395252017458269,0.115135985425,-0.275247921749,-0.390383907174,-50.84033613445362
2016-09-27 09:30:00,72.169998,72.7209991,73.25614310000007,71.55054353260876,59.0,102.5,119.5,25.0,265.5,184.0,13,3.0,0.463333,-52.00000000000001,0.018287020764265558,0.12214472902000001,-0.2377029959,-0.35984772491899997,-29.41176470588253
2016-09-28 09:30:00,72.839996,72.8439986,73.19885724285722,71.57028885198562,60.0,103.5,120.5,26.0,266.5,185.0,9,2.0,1.525,-48.0,0.04097474542458625,0.116395365193,-0.214353518429,-0.330748883621,-34.033613445378315
2016-09-29 09:30:00,72.57,72.77899930000001,73.13714297142864,71.5777778351255,61.0,104.5,121.5,27.0,267.5,186.0,12,0.5,2.11,-44.0,-0.0004379173388041841,0.028018902702599997,-0.29572525524300003,-0.323744157946,-87.81512605042047
2016-09-30 09:30:00,71.529999,72.412999,73.0461429285715,71.58846434285721,62.0,105.5,122.5,28.0,268.5,187.0,10,0.6667,0.543333,32.0,0.01736145917362071,0.0206958592494,-0.297874333884,-0.318570193133,-59.13043478260874
2016-10-01 09:30:00,,,,,,,,,,,7,0.0,0.0,,,,,,
2016-10-02 09:30:00,,,,,,,,,,,4,0.0,0.0,,,,,,
2016-10-03 09:30:00,71.790001,72.2079995,72.93550731884066,71.68141311231891,63.0,106.5,123.5,29.0,269.5,188.0,14,1.0,0.24,32.0,0.07259450821925023,0.0140962901557,-0.30094983043900003,-0.315046120594,-61.73913043478277
2016-10-04 09:30:00,71.970001,72.1669999,72.8827144285715,71.72322471014499,64.0,107.5,124.5,30.0,270.5,189.0,3,0.0,2.25,32.0,0.06125155472738021,0.00315859968971,-0.31109787098200004,-0.314256470672,-67.82608695652192
2016-10-05 09:30:00,72.099998,72.00700079999999,72.80128578571436,71.74288818050549,65.0,108.5,125.5,31.0,271.5,190.0,9,0.5,-0.695,32.0,0.0726447100984989,0.0168714503146,-0.293167157779,-0.310038608093,-55.652173913043605
2016-10-06 09:30:00,71.949997,71.89800029999999,72.74157148571436,71.7452330645162,66.0,109.5,126.5,32.0,272.5,191.0,9,0.0,-1.5,32.0,0.0826792842510001,0.010177763698,-0.297316403471,-0.30749416716899997,-67.39130434782604
2016-10-07 09:30:00,71.849998,71.98400029999999,72.67014291428579,71.76353578214295,67.0,110.5,127.5,33.0,273.5,192.0,12,1.5,-0.461667,32.00000000000001,0.16594564858213506,0.00506123784976,-0.301167619857,-0.306228857706,-69.56521739130419
2016-10-08 09:30:00,,,,,,,,,,,1,0.0,0.0,,,,,,
2016-10-09 09:30:00,,,,,,,,,,,5,0.0,1.95,,,,,,
2016-10-10 09:30:00,72.00,71.9810004,72.57579726086962,71.85916672463777,68.0,111.5,128.5,34.0,274.5,193.0,11,1.5,0.216667,32.0,0.108391527559021,0.025440639221900003,-0.274428058679,-0.299868697901,-55.217391304347714
2016-10-11 09:30:00,71.849998,71.98399949999998,72.5341429571429,71.87649823826725,69.0,112.5,129.5,35.0,275.5,194.0,19,1.0,-0.87,-52.0,0.07326410343120543,-0.07589571299049999,-0.394738339139,-0.31884262614799996,-90.8554572271386
2016-10-12 09:30:00,70.43,71.66499919999998,72.41328581428577,71.86598570250905,70.0,113.5,130.5,36.0,276.5,0.5,25,0.3333,-0.828333,-56.0,0.037858693809055065,-0.153585798358,-0.510824874096,-0.35723907573799996,-97.9532163742688
2016-10-13 09:30:00,69.650002,71.22199929999998,72.27871431428576,71.85167263701076,71.0,114.5,131.5,37.0,277.5,1.5,16,1.5,-1.04,-60.0,0.0341493122306285,-0.189057807044,-0.593561334543,-0.404503527499,-80.74712643678158
2016-10-14 09:30:00,70.25,70.87899929999999,72.18899992857148,71.85492910283696,72.0,115.5,132.5,38.0,278.5,2.5,17,0.0,-2.89,-60.0,-0.03315264653060728,-0.22768677278000002,-0.689111993474,-0.461425220694,-94.16909620991244
2016-10-15 09:30:00,,,,,,,,,,,3,0.0,0.5,,,,,,
2016-10-16 09:30:00,,,,,,,,,,,5,0.0,0.0,,,,,,
2016-10-17 09:30:00,69.510002,70.40499949999999,72.08159414492758,71.927194291367,73.0,116.5,133.5,39.0,279.5,3.5,14,0.0,2.01,-68.0,-0.00547661538957229,-0.250434280291,-0.774468071058,-0.5240337907670001,-95.84487534626022
2016-10-18 09:30:00,70.029999,69.94199979999999,71.99928565714292,71.94208637410081,74.0,117.5,134.5,40.0,280.5,4.5,15,0.5,-0.125,-68.0,0.029875516716525736,-0.19381762150100001,-0.766305817643,-0.5724881961420001,-71.34502923976599
2016-10-19 09:30:00,70.309998,69.9129998,71.91328560000005,71.94222225089615,75.0,118.5,135.5,41.0,0.0,5.5,20,2.0,-0.0275,-68.0,-0.03167110810034548,-0.159544483618,-0.7719188006640001,-0.612374317046,-77.35849056603782
2016-10-20 09:30:00,70.050003,69.94300000000001,71.82971420000005,71.92843419928835,76.0,119.5,136.5,42.0,1.0,6.5,12,2.0,1.21,-68.0,-0.03574474773211273,-0.10305643049100001,-0.74119485516,-0.638138424669,-66.98113207547142
2016-10-21 09:30:00,69.93,69.93100050000001,71.75399987142865,71.92695039716321,77.0,120.5,137.5,43.0,2.0,7.5,12,0.5,-0.4025,-68.0,-0.011113403153572012,-0.09344488357410001,-0.7549445291369999,-0.661499645563,-85.22012578616359
2016-10-22 09:30:00,,,,,,,,,,,5,0.0,1.28,,,,,,
2016-10-23 09:30:00,,,,,,,,,,,7,0.0,2.54,,,,,,
2016-10-24 09:30:00,70.019997,69.99099960000001,71.66043455072472,71.97165471942454,78.0,121.5,138.5,44.0,3.0,8.5,20,1.5,0.406667,-68.0,-0.034168319313145366,-0.08478754726269999,-0.7674840796410001,-0.682696532378,-89.30817610062886
2016-10-25 09:30:00,69.50,69.95700000000002,71.60070402816908,71.9701079568346,79.0,122.5,139.5,45.0,4.0,9.5,16,3.0,-0.2,-68.0,-0.1022419042710876,-0.08145611204410001,-0.784516672433,-0.703060560389,-95.59748427672956
2016-10-26 09:30:00,69.269997,69.76899950000002,71.52124976388896,71.96053766308249,80.0,123.5,140.5,46.0,5.0,10.5,19,2.0,1.195,-96.0,-0.12202716100076355,-0.09549171887330002,-0.822425208981,-0.726933490108,-92.38985313751678
2016-10-27 09:30:00,69.489998,69.61299900000002,71.41972191666673,71.94106763345201,81.0,124.5,141.5,47.0,6.0,11.5,15,0.5,0.38,-92.0,-0.10547841709112406,-0.0722341653314,-0.817226196772,-0.7449920314409999,-83.84512683578096
2016-10-28 09:30:00,68.449997,69.36399850000001,71.31055513888894,71.92854610283693,82.0,125.5,142.5,48.0,7.0,12.5,36,1.6,-0.43125,-96.0,-0.16670535535402498,-0.142804692619,-0.923497897215,-0.780693204595,-93.13501144164765
2016-10-29 09:30:00,,,,,,,,,,,8,0.0,-2.78,,,,,,
2016-10-30 09:30:00,,,,,,,,,,,8,0.0,1.345,,,,,,
2016-10-31 09:30:00,67.760002,68.944999,71.16704183098598,71.95194247841731,83.0,126.5,143.5,49.0,8.0,13.5,33,1.25,-1.4755,-92.0,-0.2695921551982029,-0.199236861863,-1.02973928192,-0.830502420061,-99.2592592592591
2016-11-01 09:30:00,67.400002,68.51299909999999,71.06263850000008,71.93197846762594,84.0,127.5,144.5,50.0,9.0,14.5,30,4.5,-0.5022220000000001,-96.0,-0.2688101760308569,-0.23956595368900002,-1.12995986217,-0.8903939084829999,-87.09677419354848
2016-11-02 09:30:00,66.870003,68.035,70.9123607222223,71.9030108243728,85.0,128.5,145.5,51.0,10.0,15.5,15,1.0,-0.325,-92.0,-0.35814688944280176,-0.266503635019,-1.22352345226,-0.957019817238,-95.78163771712157
2016-11-03 09:30:00,66.870003,67.54200079999998,70.77833304166676,71.86640578291819,86.0,129.5,146.5,52.0,11.0,16.5,34,0.5,-0.165,-72.0,-0.4553388442607319,-0.300897252093,-1.33314138236,-1.03224413026,-98.68131868131864
2016-11-04 09:30:00,66.199997,66.99100059999998,70.62763852777788,71.83283694680856,87.0,130.5,147.5,53.0,12.0,17.5,24,8.0,-0.3725,-72.0,-0.457473454427519,-0.26791407574299997,-1.36713672494,-1.0992226492000001,-88.57142857142837
2016-11-05 09:30:00,,,,,,,,,,,11,0.5,-0.145,,,,,,
2016-11-06 09:30:00,,,,,,,,,,,9,1.0,-1.55,,,,,,
2016-11-07 09:30:00,67.199997,66.80500049999998,70.45676026760573,71.81503604676263,88.0,131.5,148.5,54.0,13.0,18.5,16,2.0,-0.425,-72.0,-0.3911416333140309,-0.11468492968,-1.2425788113,-1.12789388162,-51.208791208791034
2016-11-08 09:30:00,67.739998,66.92099999999999,70.3619441111112,71.7878417841727,89.0,132.5,149.5,55.0,14.0,19.5,14,1.0,1.04,-72.0,-0.3358920213964704,0.00977625340069,-1.11567356487,-1.1254498182700001,-47.03296703296693
2016-11-09 09:30:00,68.370003,67.2080003,70.26097194444453,71.76304666308248,90.0,133.5,150.5,56.0,15.0,20.5,23,2.5,-0.996,-72.0,-0.1976548253519949,0.251334705348,-0.8112814365819999,-1.06261614193,-14.081996434937473
2016-11-10 09:30:00,71.940002,68.12799989999999,70.23791643055567,71.76017800711746,91.0,134.5,151.5,57.0,16.0,21.5,32,0.75,0.031667,-72.0,-0.21029330846074026,0.44902892900700003,-0.501329980671,-0.9503589096780001,-8.49673202614372
2016-11-11 09:30:00,71.360001,69.1980004,70.19680534722232,71.75861709574471,92.0,135.5,152.5,58.0,17.0,22.5,21,2.0,0.225,-72.0,-0.20344780960963849,0.489780340466,-0.33813348409599997,-0.827913824562,-25.980392156862784
2016-11-12 09:30:00,,,,,,,,,,,8,0.0,0.0,,,,,,
2016-11-13 09:30:00,,,,,,,,,,,7,0.0,0.0,,,,,,
